Workbook
Name ConSchematicLib: Config!$B$7
Name CSchematicLib: Config!$B$4
Name LSchematicLib: Config!$B$5
Name LSchematicLib.: Config!$B$5
Name PrivateLibraryPath: Config!$B$8

Sheet Start
A1: Altium Library database
A3: This spreadsheet contains the database for the daniw Altium library.
A6: Sheets:
A7: Start | B7: General information about the library
A8: Config | B8: Configuration of schematic symbol drawing style
A9: R | B9: Resistors
A10: C | B10: Capacitors
A11: L | B11: Inductors including CMC
A12: D | B12: Diodes
A13: CON | B13: Connectors
A14: Logic | B14: Logic
A15: Module | B15: Modules
A16: Integrated | B16: Integrated Circuits of any kind
A17: Misc | B17: Mechanical, Solderjumper, etc
A19: Columns:
A20: Part Number | C20: Unique part number for each part
A21: Comment | C21: Comment to be displayed on schematic
A22: Description | C22: Description with more information about the type of component
A23: Manufacturer | C23: Manufacturer
A24: Package | C24: Package name
A25: Value
A26: Library Path | C26: Path to the schematic symbol
A27: Library Ref | C27: File for the schematic symbol
A28: Footprint Path | C28: Path to the footprint
A29: Footprint Ref | C29: File for the footprint
A30: Absolute Value
A31: HelpURL | C31: Link to the datasheet
A32: Manufacturer 1 | C32: Manufacturer for supplier option 1
A33: Manufacturer Part Number 1 | C33: Manufacturer part number for supplier option 1
A34: Supplier 1 | C34: Supplier for supplier option 1
A35: Supplier Part Number 1 | C35: Supplier part number for supplier option 1
A36: Manufacturer 2 | C36: Manufacturer for supplier option 2
A37: Manufacturer Part Number 2 | C37: Manufacturer part number for supplier option 2
A38: Supplier 2 | C38: Supplier for supplier option 2
A39: Supplier Part Number 2 | C39: Supplier part number for supplier option 2
A43: IC Naming Convention
A44: SOP + Pitch P + Lead Span Nominal X height - Pin Qty -[TH Width X Length]
A45: Pin one is according to IPC always Top Left or Top Center

Sheet Config
A1: Library configuration
A3: Resistor symbol | B3: SCH/R_IEC.SchLib
A4: Capacitor symbol | B4: SCH/C_IEC.SchLib
A5: Inductor symbol | B5: SCH/L_ANSI.SchLib
A6: Logic symbol | B6: SCH/Logic_IEC.SchLib
A7: Connector symbol | B7: SCH/Connector.SchLib
A8: Private Library Path | B8: ../altium_lib_private/
A100: Resistor symbol list | B100: SCH/R_IEC.SchLib
B101: SCH/R_ANSI.SchLib
A110: Capacitor symbol list | B110: SCH/C_IEC.SchLib
B111: SCH/C_ANSI.SchLib
A120: Inductor symbol list | B120: SCH/L_IEC.SchLib
B121: SCH/L_ANSI.SchLib
A130: Logic symbol | B130: SCH/Logic_IEC.SchLib
B131: SCH/Logic_ANSI.SchLib
B132: SCH/Logic_DIN.SchLib
A140: Connector symbol | B140: SCH/Con_Box.SchLib
B141: SCH/Con_Circ.SchLib
B142: SCH/Connector.SchLib

Sheet R
A1: Part Number | B1: Comment | C1: Description | D1: Manufacturer | E1: Package | F1: Value | G1: Library Path | H1: Library Ref | I1: Footprint Path | J1: Footprint Ref | K1: Footprint Path 2 | L1: Footprint Ref 2 | M1: Absolute Value | N1: HelpURL | O1: Manufacturer 1 | P1: Manufacturer Part Number 1 | Q1: Supplier 1 | R1: Supplier Part Number 1 | S1: Manufacturer 2 | T1: Manufacturer Part Number 2 | U1: Supplier 2 | V1: Supplier Part Number 2 | W1: Manufacturer 3 | X1: Manufacturer Part Number 3 | Y1: Supplier 3 | Z1: Supplier Part Number 3 | AA1: JLC Type | AB1: Eurocircuits GPN
A2: 0R/0402 | B2: 0R/0402 | C2: RES SM 0402 0R | D2: GENERIC | E2: 0402 | F2: 0R | G2: =Config!$B$3 -> SCH/R_IEC.SchLib | H2: R | I2: PCB/SMT_CHIP.PcbLib | J2: R0402-0.35-WW | M2: 0 | N2: https://www.yageogroup.com/content/datasheet/asset/file/PYU-RC_GROUP_51_ROHS_L | O2: YAGEO | P2: RC0402FR-070RL | Q2: Digi-Key | R2: 311-0.0LRCT-ND | AB2: ="GPR"&E2&F2 -> GPR04020R
A3: 1R/0402 | B3: 1R/0402 | C3: RES SM 0402 1R | D3: GENERIC | E3: 0402 | F3: 1R | G3: =Config!$B$3 -> SCH/R_IEC.SchLib | H3: R | I3: PCB/SMT_CHIP.PcbLib | J3: R0402-0.35-WW | M3: 1 | N3: https://www.yageogroup.com/content/datasheet/asset/file/PYU-RC_GROUP_51_ROHS_L | O3: YAGEO | P3: RC0402FR-131RL | Q3: Digi-Key | R3: 13-RC0402FR-131RLCT-ND | S3: YAGEO | T3: RC0402FR-071RL | U3: Digi-Key | V3: 311-1.00LRCT-ND | AB3: ="GPR"&E3&F3 -> GPR04021R
A4: 1R1/0402 | B4: 1R1/0402 | C4: RES SM 0402 1R1 | D4: GENERIC | E4: 0402 | F4: 1R1 | G4: =Config!$B$3 -> SCH/R_IEC.SchLib | H4: R | I4: PCB/SMT_CHIP.PcbLib | J4: R0402-0.35-WW | M4: 1.1 | N4: https://www.yageogroup.com/content/datasheet/asset/file/PYU-RC_GROUP_51_ROHS_L | O4: YAGEO | P4: RC0402FR-071R1L | Q4: Digi-Key | R4: 13-RC0402FR-071R1LCT-ND | AB4: ="GPR"&E4&F4 -> GPR04021R1
A5: 1R2/0402 | B5: 1R2/0402 | C5: RES SM 0402 1R2 | D5: GENERIC | E5: 0402 | F5: 1R2 | G5: =Config!$B$3 -> SCH/R_IEC.SchLib | H5: R | I5: PCB/SMT_CHIP.PcbLib | J5: R0402-0.35-WW | M5: 1.2 | N5: https://www.yageogroup.com/content/datasheet/asset/file/PYU-RC_GROUP_51_ROHS_L | O5: YAGEO | P5: RC0402FR-071R2L | Q5: Digi-Key | R5: 13-RC0402FR-071R2LCT-ND | S5: YAGEO | T5: RC0402FR-7W1R2L | U5: Digi-Key | V5: 13-RC0402FR-7W1R2LCT-ND | AB5: ="GPR"&E5&F5 -> GPR04021R2
A6: 1R3/0402 | B6: 1R3/0402 | C6: RES SM 0402 1R3 | D6: GENERIC | E6: 0402 | F6: 1R3 | G6: =Config!$B$3 -> SCH/R_IEC.SchLib | H6: R | I6: PCB/SMT_CHIP.PcbLib | J6: R0402-0.35-WW | M6: 1.3 | N6: https://www.yageogroup.com/content/datasheet/asset/file/PYU-RC_GROUP_51_ROHS_L | O6: YAGEO | P6: RC0402FR-071R3L | Q6: Digi-Key | R6: 13-RC0402FR-071R3LCT-ND | AB6: ="GPR"&E6&F6 -> GPR04021R3
A7: 1R5/0402 | B7: 1R5/0402 | C7: RES SM 0402 1R5 | D7: GENERIC | E7: 0402 | F7: 1R5 | G7: =Config!$B$3 -> SCH/R_IEC.SchLib | H7: R | I7: PCB/SMT_CHIP.PcbLib | J7: R0402-0.35-WW | M7: 1.5 | N7: https://www.yageogroup.com/content/datasheet/asset/file/PYU-RC_GROUP_51_ROHS_L | O7: YAGEO | P7: RC0402FR-071R5L | Q7: Digi-Key | R7: 311-1.50LRCT-ND | AB7: ="GPR"&E7&F7 -> GPR04021R5
A8: 1R6/0402 | B8: 1R6/0402 | C8: RES SM 0402 1R6 | D8: GENERIC | E8: 0402 | F8: 1R6 | G8: =Config!$B$3 -> SCH/R_IEC.SchLib | H8: R | I8: PCB/SMT_CHIP.PcbLib | J8: R0402-0.35-WW | M8: 1.6 | N8: https://www.yageogroup.com/content/datasheet/asset/file/PYU-RC_GROUP_51_ROHS_L | O8: YAGEO | P8: RC0402FR-071R6L | Q8: Digi-Key | R8: 13-RC0402FR-071R6LCT-ND | AB8: ="GPR"&E8&F8 -> GPR04021R6
A9: 1R8/0402 | B9: 1R8/0402 | C9: RES SM 0402 1R8 | D9: GENERIC | E9: 0402 | F9: 1R8 | G9: =Config!$B$3 -> SCH/R_IEC.SchLib | H9: R | I9: PCB/SMT_CHIP.PcbLib | J9: R0402-0.35-WW | M9: 1.8 | N9: https://www.yageogroup.com/content/datasheet/asset/file/PYU-RC_GROUP_51_ROHS_L | O9: YAGEO | P9: RC0402FR-071R8L | Q9: Digi-Key | R9: 13-RC0402FR-071R8LCT-ND | AB9: ="GPR"&E9&F9 -> GPR04021R8
A10: 2R/0402 | B10: 2R/0402 | C10: RES SM 0402 2R | D10: GENERIC | E10: 0402 | F10: 2R | G10: =Config!$B$3 -> SCH/R_IEC.SchLib | H10: R | I10: PCB/SMT_CHIP.PcbLib | J10: R0402-0.35-WW | M10: 2 | N10: https://www.yageogroup.com/content/datasheet/asset/file/PYU-RC_GROUP_51_ROHS_L | O10: YAGEO | P10: RC0402FR-072RL | Q10: Digi-Key | R10: YAG3369CT-ND | AB10: ="GPR"&E10&F10 -> GPR04022R
A11: 2R2/0402 | B11: 2R2/0402 | C11: RES SM 0402 2R2 | D11: GENERIC | E11: 0402 | F11: 2R2 | G11: =Config!$B$3 -> SCH/R_IEC.SchLib | H11: R | I11: PCB/SMT_CHIP.PcbLib | J11: R0402-0.35-WW | M11: 2.2 | N11: https://www.yageogroup.com/content/datasheet/asset/file/PYU-RC_GROUP_51_ROHS_L | O11: YAGEO | P11: RC0402FR-132R2L | Q11: Digi-Key | R11: 13-RC0402FR-132R2LCT-ND | S11: YAGEO | T11: RC0402FR-072R2L | U11: Digi-Key | V11: 311-2.20LRCT-ND | AB11: ="GPR"&E11&F11 -> GPR04022R2
A12: 2R4/0402 | B12: 2R4/0402 | C12: RES SM 0402 2R4 | D12: GENERIC | E12: 0402 | F12: 2R4 | G12: =Config!$B$3 -> SCH/R_IEC.SchLib | H12: R | I12: PCB/SMT_CHIP.PcbLib | J12: R0402-0.35-WW | M12: 2.4 | N12: https://www.yageogroup.com/content/datasheet/asset/file/PYU-RC_GROUP_51_ROHS_L | O12: YAGEO | P12: RC0402FR-072R4L | Q12: Digi-Key | R12: 13-RC0402FR-072R4LCT-ND | AB12: ="GPR"&E12&F12 -> GPR04022R4
A13: 2R7/0402 | B13: 2R7/0402 | C13: RES SM 0402 2R7 | D13: GENERIC | E13: 0402 | F13: 2R7 | G13: =Config!$B$3 -> SCH/R_IEC.SchLib | H13: R | I13: PCB/SMT_CHIP.PcbLib | J13: R0402-0.35-WW | M13: 2.7 | N13: https://www.yageogroup.com/content/datasheet/asset/file/PYU-RC_GROUP_51_ROHS_L | O13: YAGEO | P13: RC0402FR-072R7L | Q13: Digi-Key | R13: 13-RC0402FR-072R7LCT-ND | S13: YAGEO | T13: RC0402FR-7W2R7L | U13: Digi-Key | V13: 13-RC0402FR-7W2R7LCT-ND | AB13: ="GPR"&E13&F13 -> GPR04022R7
A14: 3R/0402 | B14: 3R/0402 | C14: RES SM 0402 3R | D14: GENERIC | E14: 0402 | F14: 3R | G14: =Config!$B$3 -> SCH/R_IEC.SchLib | H14: R | I14: PCB/SMT_CHIP.PcbLib | J14: R0402-0.35-WW | M14: 3 | N14: https://www.yageogroup.com/content/datasheet/asset/file/PYU-RC_GROUP_51_ROHS_L | O14: YAGEO | P14: RC0402FR-133RL | Q14: Digi-Key | R14: 13-RC0402FR-133RLCT-ND | S14: YAGEO | T14: RC0402FR-073RL | U14: Digi-Key | V14: 13-RC0402FR-073RLCT-ND | AB14: ="GPR"&E14&F14 -> GPR04023R
A15: 3R3/0402 | B15: 3R3/0402 | C15: RES SM 0402 3R3 | D15: GENERIC | E15: 0402 | F15: 3R3 | G15: =Config!$B$3 -> SCH/R_IEC.SchLib | H15: R | I15: PCB/SMT_CHIP.PcbLib | J15: R0402-0.35-WW | M15: 3.3 | N15: https://www.yageogroup.com/content/datasheet/asset/file/PYU-RC_GROUP_51_ROHS_L | O15: YAGEO | P15: RC0402FR-133R3L | Q15: Digi-Key | R15: 13-RC0402FR-133R3LCT-ND | S15: YAGEO | T15: RC0402FR-073R3L | U15: Digi-Key | V15: 311-3.30LRCT-ND | AB15: ="GPR"&E15&F15 -> GPR04023R3
A16: 3R6/0402 | B16: 3R6/0402 | C16: RES SM 0402 3R6 | D16: GENERIC | E16: 0402 | F16: 3R6 | G16: =Config!$B$3 -> SCH/R_IEC.SchLib | H16: R | I16: PCB/SMT_CHIP.PcbLib | J16: R0402-0.35-WW | M16: 3.6 | N16: https://www.yageogroup.com/content/datasheet/asset/file/PYU-RC_GROUP_51_ROHS_L | O16: YAGEO | P16: RC0402FR-073R6L | Q16: Digi-Key | R16: 13-RC0402FR-073R6LCT-ND | AB16: ="GPR"&E16&F16 -> GPR04023R6
A17: 3R9/0402 | B17: 3R9/0402 | C17: RES SM 0402 3R9 | D17: GENERIC | E17: 0402 | F17: 3R9 | G17: =Config!$B$3 -> SCH/R_IEC.SchLib | H17: R | I17: PCB/SMT_CHIP.PcbLib | J17: R0402-0.35-WW | M17: 3.9 | N17: https://www.yageogroup.com/content/datasheet/asset/file/PYU-RC_GROUP_51_ROHS_L | O17: YAGEO | P17: RC0402FR-073R9L | Q17: Digi-Key | R17: 13-RC0402FR-073R9LCT-ND | AB17: ="GPR"&E17&F17 -> GPR04023R9
A18: 4R3/0402 | B18: 4R3/0402 | C18: RES SM 0402 4R3 | D18: GENERIC | E18: 0402 | F18: 4R3 | G18: =Config!$B$3 -> SCH/R_IEC.SchLib | H18: R | I18: PCB/SMT_CHIP.PcbLib | J18: R0402-0.35-WW | M18: 4.3 | N18: https://www.yageogroup.com/content/datasheet/asset/file/PYU-RC_GROUP_51_ROHS_L | O18: YAGEO | P18: RC0402FR-074R3L | Q18: Digi-Key | R18: 13-RC0402FR-074R3LCT-ND | AB18: ="GPR"&E18&F18 -> GPR04024R3
A19: 4R7/0402 | B19: 4R7/0402 | C19: RES SM 0402 4R7 | D19: GENERIC | E19: 0402 | F19: 4R7 | G19: =Config!$B$3 -> SCH/R_IEC.SchLib | H19: R | I19: PCB/SMT_CHIP.PcbLib | J19: R0402-0.35-WW | M19: 4.7 | N19: https://www.yageogroup.com/content/datasheet/asset/file/PYU-RC_GROUP_51_ROHS_L | O19: YAGEO | P19: RC0402FR-134R7L | Q19: Digi-Key | R19: 13-RC0402FR-134R7LCT-ND | S19: YAGEO | T19: RC0402FR-074R7L | U19: Digi-Key | V19: 311-4.70LRCT-ND | AB19: ="GPR"&E19&F19 -> GPR04024R7
A20: 5R1/0402 | B20: 5R1/0402 | C20: RES SM 0402 5R1 | D20: GENERIC | E20: 0402 | F20: 5R1 | G20: =Config!$B$3 -> SCH/R_IEC.SchLib | H20: R | I20: PCB/SMT_CHIP.PcbLib | J20: R0402-0.35-WW | M20: 5.1 | N20: https://www.yageogroup.com/content/datasheet/asset/file/PYU-RC_GROUP_51_ROHS_L | O20: YAGEO | P20: RC0402FR-075R1L | Q20: Digi-Key | R20: YAG3370CT-ND | AB20: ="GPR"&E20&F20 -> GPR04025R1
A21: 5R6/0402 | B21: 5R6/0402 | C21: RES SM 0402 5R6 | D21: GENERIC | E21: 0402 | F21: 5R6 | G21: =Config!$B$3 -> SCH/R_IEC.SchLib | H21: R | I21: PCB/SMT_CHIP.PcbLib | J21: R0402-0.35-WW | M21: 5.6 | N21: https://www.yageogroup.com/content/datasheet/asset/file/PYU-RC_GROUP_51_ROHS_L | O21: YAGEO | P21: RC0402FR-075R6L | Q21: Digi-Key | R21: 13-RC0402FR-075R6LCT-ND | AB21: ="GPR"&E21&F21 -> GPR04025R6
A22: 6R2/0402 | B22: 6R2/0402 | C22: RES SM 0402 6R2 | D22: GENERIC | E22: 0402 | F22: 6R2 | G22: =Config!$B$3 -> SCH/R_IEC.SchLib | H22: R | I22: PCB/SMT_CHIP.PcbLib | J22: R0402-0.35-WW | M22: 6.2 | N22: https://www.yageogroup.com/content/datasheet/asset/file/PYU-RC_GROUP_51_ROHS_L | O22: YAGEO | P22: RC0402FR-076R2L | Q22: Digi-Key | R22: 13-RC0402FR-076R2LCT-ND | AB22: ="GPR"&E22&F22 -> GPR04026R2
A23: 6R8/0402 | B23: 6R8/0402 | C23: RES SM 0402 6R8 | D23: GENERIC | E23: 0402 | F23: 6R8 | G23: =Config!$B$3 -> SCH/R_IEC.SchLib | H23: R | I23: PCB/SMT_CHIP.PcbLib | J23: R0402-0.35-WW | M23: 6.8 | N23: https://www.yageogroup.com/content/datasheet/asset/file/PYU-RC_GROUP_51_ROHS_L | O23: YAGEO | P23: RC0402FR-076R8L | Q23: Digi-Key | R23: 13-RC0402FR-076R8LCT-ND | AB23: ="GPR"&E23&F23 -> GPR04026R8
A24: 7R5/0402 | B24: 7R5/0402 | C24: RES SM 0402 7R5 | D24: GENERIC | E24: 0402 | F24: 7R5 | G24: =Config!$B$3 -> SCH/R_IEC.SchLib | H24: R | I24: PCB/SMT_CHIP.PcbLib | J24: R0402-0.35-WW | M24: 7.5 | N24: https://www.yageogroup.com/content/datasheet/asset/file/PYU-RC_GROUP_51_ROHS_L | O24: YAGEO | P24: RC0402FR-077R5L | Q24: Digi-Key | R24: 13-RC0402FR-077R5LCT-ND | AB24: ="GPR"&E24&F24 -> GPR04027R5
A25: 8R2/0402 | B25: 8R2/0402 | C25: RES SM 0402 8R2 | D25: GENERIC | E25: 0402 | F25: 8R2 | G25: =Config!$B$3 -> SCH/R_IEC.SchLib | H25: R | I25: PCB/SMT_CHIP.PcbLib | J25: R0402-0.35-WW | M25: 8.2 | N25: https://www.yageogroup.com/content/datasheet/asset/file/PYU-RC_GROUP_51_ROHS_L | O25: YAGEO | P25: RC0402FR-078R2L | Q25: Digi-Key | R25: 13-RC0402FR-078R2LCT-ND | AB25: ="GPR"&E25&F25 -> GPR04028R2
A26: 9R1/0402 | B26: 9R1/0402 | C26: RES SM 0402 9R1 | D26: GENERIC | E26: 0402 | F26: 9R1 | G26: =Config!$B$3 -> SCH/R_IEC.SchLib | H26: R | I26: PCB/SMT_CHIP.PcbLib | J26: R0402-0.35-WW | M26: 9.1 | N26: https://www.yageogroup.com/content/datasheet/asset/file/PYU-RC_GROUP_51_ROHS_L | O26: YAGEO | P26: RC0402FR-079R1L | Q26: Digi-Key | R26: 13-RC0402FR-079R1LCT-ND | AB26: ="GPR"&E26&F26 -> GPR04029R1
A27: 10R/0402 | B27: 10R/0402 | C27: RES SM 0402 10R | D27: GENERIC | E27: 0402 | F27: 10R | G27: =Config!$B$3 -> SCH/R_IEC.SchLib | H27: R | I27: PCB/SMT_CHIP.PcbLib | J27: R0402-0.35-WW | M27: 10 | N27: https://www.yageogroup.com/content/datasheet/asset/file/PYU-RC_GROUP_51_ROHS_L | O27: YAGEO | P27: RC0402FR-1310RL | Q27: Digi-Key | R27: 13-RC0402FR-1310RLCT-ND | S27: YAGEO | T27: RC0402FR-1010RL | U27: Digi-Key | V27: 13-RC0402FR-1010RLCT-ND | AB27: ="GPR"&E27&F27 -> GPR040210R
A28: 11R/0402 | B28: 11R/0402 | C28: RES SM 0402 11R | D28: GENERIC | E28: 0402 | F28: 11R | G28: =Config!$B$3 -> SCH/R_IEC.SchLib | H28: R | I28: PCB/SMT_CHIP.PcbLib | J28: R0402-0.35-WW | M28: 11 | N28: https://www.yageogroup.com/content/datasheet/asset/file/PYU-RC_GROUP_51_ROHS_L | O28: YAGEO | P28: RC0402FR-0711RL | Q28: Digi-Key | R28: YAG2962CT-ND | AB28: ="GPR"&E28&F28 -> GPR040211R
A29: 12R/0402 | B29: 12R/0402 | C29: RES SM 0402 12R | D29: GENERIC | E29: 0402 | F29: 12R | G29: =Config!$B$3 -> SCH/R_IEC.SchLib | H29: R | I29: PCB/SMT_CHIP.PcbLib | J29: R0402-0.35-WW | M29: 12 | N29: https://www.yageogroup.com/content/datasheet/asset/file/PYU-RC_GROUP_51_ROHS_L | O29: YAGEO | P29: RC0402FR-1312RL | Q29: Digi-Key | R29: 13-RC0402FR-1312RLCT-ND | S29: YAGEO | T29: RC0402FR-0712RL | U29: Digi-Key | V29: YAG2968CT-ND | AB29: ="GPR"&E29&F29 -> GPR040212R
A30: 13R/0402 | B30: 13R/0402 | C30: RES SM 0402 13R | D30: GENERIC | E30: 0402 | F30: 13R | G30: =Config!$B$3 -> SCH/R_IEC.SchLib | H30: R | I30: PCB/SMT_CHIP.PcbLib | J30: R0402-0.35-WW | M30: 13 | N30: https://www.yageogroup.com/content/datasheet/asset/file/PYU-RC_GROUP_51_ROHS_L | O30: YAGEO | P30: RC0402FR-0713RL | Q30: Digi-Key | R30: YAG2977CT-ND | AB30: ="GPR"&E30&F30 -> GPR040213R
A31: 15R/0402 | B31: 15R/0402 | C31: RES SM 0402 15R | D31: GENERIC | E31: 0402 | F31: 15R | G31: =Config!$B$3 -> SCH/R_IEC.SchLib | H31: R | I31: PCB/SMT_CHIP.PcbLib | J31: R0402-0.35-WW | M31: 15 | N31: https://www.yageogroup.com/content/datasheet/asset/file/PYU-RC_GROUP_51_ROHS_L | O31: YAGEO | P31: RC0402FR-1315RL | Q31: Digi-Key | R31: 13-RC0402FR-1315RLCT-ND | S31: YAGEO | T31: RC0402FR-0715RL | U31: Digi-Key | V31: 311-15LRCT-ND | AB31: ="GPR"&E31&F31 -> GPR040215R
A32: 16R/0402 | B32: 16R/0402 | C32: RES SM 0402 16R | D32: GENERIC | E32: 0402 | F32: 16R | G32: =Config!$B$3 -> SCH/R_IEC.SchLib | H32: R | I32: PCB/SMT_CHIP.PcbLib | J32: R0402-0.35-WW | M32: 16 | N32: https://www.yageogroup.com/content/datasheet/asset/file/PYU-RC_GROUP_51_ROHS_L | O32: YAGEO | P32: RC0402FR-0716RL | Q32: Digi-Key | R32: YAG3007CT-ND | AB32: ="GPR"&E32&F32 -> GPR040216R
A33: 18R/0402 | B33: 18R/0402 | C33: RES SM 0402 18R | D33: GENERIC | E33: 0402 | F33: 18R | G33: =Config!$B$3 -> SCH/R_IEC.SchLib | H33: R | I33: PCB/SMT_CHIP.PcbLib | J33: R0402-0.35-WW | M33: 18 | N33: https://www.yageogroup.com/content/datasheet/asset/file/PYU-RC_GROUP_51_ROHS_L | O33: YAGEO | P33: RC0402FR-1318RL | Q33: Digi-Key | R33: 13-RC0402FR-1318RLCT-ND | S33: YAGEO | T33: RC0402FR-0718RL | U33: Digi-Key | V33: YAG3021CT-ND | AB33: ="GPR"&E33&F33 -> GPR040218R
A34: 20R/0402 | B34: 20R/0402 | C34: RES SM 0402 20R | D34: GENERIC | E34: 0402 | F34: 20R | G34: =Config!$B$3 -> SCH/R_IEC.SchLib | H34: R | I34: PCB/SMT_CHIP.PcbLib | J34: R0402-0.35-WW | M34: 20 | N34: https://www.yageogroup.com/content/datasheet/asset/file/PYU-RC_GROUP_51_ROHS_L | O34: YAGEO | P34: RC0402FR-1320RL | Q34: Digi-Key | R34: 13-RC0402FR-1320RLCT-ND | S34: YAGEO | T34: RC0402FR-0720RL | U34: Digi-Key | V34: 311-20LRCT-ND | AB34: ="GPR"&E34&F34 -> GPR040220R
A35: 22R/0402 | B35: 22R/0402 | C35: RES SM 0402 22R | D35: GENERIC | E35: 0402 | F35: 22R | G35: =Config!$B$3 -> SCH/R_IEC.SchLib | H35: R | I35: PCB/SMT_CHIP.PcbLib | J35: R0402-0.35-WW | M35: 22 | N35: https://www.yageogroup.com/content/datasheet/asset/file/PYU-RC_GROUP_51_ROHS_L | O35: YAGEO | P35: RC0402FR-1322RL | Q35: Digi-Key | R35: 13-RC0402FR-1322RLCT-ND | S35: YAGEO | T35: RC0402FR-1022RL | U35: Digi-Key | V35: 13-RC0402FR-1022RLCT-ND | AB35: ="GPR"&E35&F35 -> GPR040222R
A36: 24R/0402 | B36: 24R/0402 | C36: RES SM 0402 24R | D36: GENERIC | E36: 0402 | F36: 24R | G36: =Config!$B$3 -> SCH/R_IEC.SchLib | H36: R | I36: PCB/SMT_CHIP.PcbLib | J36: R0402-0.35-WW | M36: 24 | N36: https://www.yageogroup.com/content/datasheet/asset/file/PYU-RC_GROUP_51_ROHS_L | O36: YAGEO | P36: RC0402FR-1324RL | Q36: Digi-Key | R36: 13-RC0402FR-1324RLCT-ND | S36: YAGEO | T36: RC0402FR-0724RL | U36: Digi-Key | V36: YAG3073CT-ND | AB36: ="GPR"&E36&F36 -> GPR040224R
A37: 27R/0402 | B37: 27R/0402 | C37: RES SM 0402 27R | D37: GENERIC | E37: 0402 | F37: 27R | G37: =Config!$B$3 -> SCH/R_IEC.SchLib | H37: R | I37: PCB/SMT_CHIP.PcbLib | J37: R0402-0.35-WW | M37: 27 | N37: https://www.yageogroup.com/content/datasheet/asset/file/PYU-RC_GROUP_51_ROHS_L | O37: YAGEO | P37: RC0402FR-1327RL | Q37: Digi-Key | R37: 13-RC0402FR-1327RLCT-ND | S37: YAGEO | T37: RC0402FR-0727RL | U37: Digi-Key | V37: YAG3086CT-ND | AB37: ="GPR"&E37&F37 -> GPR040227R
A38: 30R/0402 | B38: 30R/0402 | C38: RES SM 0402 30R | D38: GENERIC | E38: 0402 | F38: 30R | G38: =Config!$B$3 -> SCH/R_IEC.SchLib | H38: R | I38: PCB/SMT_CHIP.PcbLib | J38: R0402-0.35-WW | M38: 30 | N38: https://www.yageogroup.com/content/datasheet/asset/file/PYU-RC_GROUP_51_ROHS_L | O38: YAGEO | P38: RC0402FR-1330RL | Q38: Digi-Key | R38: 13-RC0402FR-1330RLCT-ND | S38: YAGEO | T38: RC0402FR-0730RL | U38: Digi-Key | V38: 311-30LRCT-ND | AB38: ="GPR"&E38&F38 -> GPR040230R
A39: 33R/0402 | B39: 33R/0402 | C39: RES SM 0402 33R | D39: GENERIC | E39: 0402 | F39: 33R | G39: =Config!$B$3 -> SCH/R_IEC.SchLib | H39: R | I39: PCB/SMT_CHIP.PcbLib | J39: R0402-0.35-WW | M39: 33 | N39: https://www.yageogroup.com/content/datasheet/asset/file/PYU-RC_GROUP_51_ROHS_L | O39: YAGEO | P39: RC0402FR-1333RL | Q39: Digi-Key | R39: 13-RC0402FR-1333RLCT-ND | S39: YAGEO | T39: RC0402FR-0733RL | U39: Digi-Key | V39: 311-33.0LRCT-ND | AB39: ="GPR"&E39&F39 -> GPR040233R
A40: 36R/0402 | B40: 36R/0402 | C40: RES SM 0402 36R | D40: GENERIC | E40: 0402 | F40: 36R | G40: =Config!$B$3 -> SCH/R_IEC.SchLib | H40: R | I40: PCB/SMT_CHIP.PcbLib | J40: R0402-0.35-WW | M40: 36 | N40: https://www.yageogroup.com/content/datasheet/asset/file/PYU-RC_GROUP_51_ROHS_L | O40: YAGEO | P40: RC0402FR-1336RL | Q40: Digi-Key | R40: 13-RC0402FR-1336RLCT-ND | S40: YAGEO | T40: RC0402FR-0736RL | U40: Digi-Key | V40: 311-36.0LRCT-ND | AB40: ="GPR"&E40&F40 -> GPR040236R
A41: 39R/0402 | B41: 39R/0402 | C41: RES SM 0402 39R | D41: GENERIC | E41: 0402 | F41: 39R | G41: =Config!$B$3 -> SCH/R_IEC.SchLib | H41: R | I41: PCB/SMT_CHIP.PcbLib | J41: R0402-0.35-WW | M41: 39 | N41: https://www.yageogroup.com/content/datasheet/asset/file/PYU-RC_GROUP_51_ROHS_L | O41: YAGEO | P41: RC0402FR-1339RL | Q41: Digi-Key | R41: 13-RC0402FR-1339RLCT-ND | S41: YAGEO | T41: RC0402FR-0739RL | U41: Digi-Key | V41: 311-39.0LRCT-ND | AB41: ="GPR"&E41&F41 -> GPR040239R
A42: 43R/0402 | B42: 43R/0402 | C42: RES SM 0402 43R | D42: GENERIC | E42: 0402 | F42: 43R | G42: =Config!$B$3 -> SCH/R_IEC.SchLib | H42: R | I42: PCB/SMT_CHIP.PcbLib | J42: R0402-0.35-WW | M42: 43 | N42: https://www.yageogroup.com/content/datasheet/asset/file/PYU-RC_GROUP_51_ROHS_L | O42: YAGEO | P42: RC0402FR-0743RL | Q42: Digi-Key | R42: 13-RC0402FR-0743RLCT-ND | AB42: ="GPR"&E42&F42 -> GPR040243R
A43: 47R/0402 | B43: 47R/0402 | C43: RES SM 0402 47R | D43: GENERIC | E43: 0402 | F43: 47R | G43: =Config!$B$3 -> SCH/R_IEC.SchLib | H43: R | I43: PCB/SMT_CHIP.PcbLib | J43: R0402-0.35-WW | M43: 47 | N43: https://www.yageogroup.com/content/datasheet/asset/file/PYU-RC_GROUP_51_ROHS_L | O43: YAGEO | P43: RC0402FR-1347RL | Q43: Digi-Key | R43: 13-RC0402FR-1347RLCT-ND | S43: YAGEO | T43: RC0402FR-0747RL | U43: Digi-Key | V43: 311-47.0LRCT-ND | AB43: ="GPR"&E43&F43 -> GPR040247R
A44: 51R/0402 | B44: 51R/0402 | C44: RES SM 0402 51R | D44: GENERIC | E44: 0402 | F44: 51R | G44: =Config!$B$3 -> SCH/R_IEC.SchLib | H44: R | I44: PCB/SMT_CHIP.PcbLib | J44: R0402-0.35-WW | M44: 51 | N44: https://www.yageogroup.com/content/datasheet/asset/file/PYU-RC_GROUP_51_ROHS_L | O44: YAGEO | P44: RC0402FR-1351RL | Q44: Digi-Key | R44: 13-RC0402FR-1351RLCT-ND | S44: YAGEO | T44: RC0402FR-0751RL | U44: Digi-Key | V44: 311-51.0LRCT-ND | AB44: ="GPR"&E44&F44 -> GPR040251R
A45: 56R/0402 | B45: 56R/0402 | C45: RES SM 0402 56R | D45: GENERIC | E45: 0402 | F45: 56R | G45: =Config!$B$3 -> SCH/R_IEC.SchLib | H45: R | I45: PCB/SMT_CHIP.PcbLib | J45: R0402-0.35-WW | M45: 56 | N45: https://www.yageogroup.com/content/datasheet/asset/file/PYU-RC_GROUP_51_ROHS_L | O45: YAGEO | P45: RC0402FR-1356RL | Q45: Digi-Key | R45: 13-RC0402FR-1356RLCT-ND | S45: YAGEO | T45: RC0402FR-0756RL | U45: Digi-Key | V45: 311-56.0LRCT-ND | AB45: ="GPR"&E45&F45 -> GPR040256R
A46: 62R/0402 | B46: 62R/0402 | C46: RES SM 0402 62R | D46: GENERIC | E46: 0402 | F46: 62R | G46: =Config!$B$3 -> SCH/R_IEC.SchLib | H46: R | I46: PCB/SMT_CHIP.PcbLib | J46: R0402-0.35-WW | M46: 62 | N46: https://www.yageogroup.com/content/datasheet/asset/file/PYU-RC_GROUP_51_ROHS_L | O46: YAGEO | P46: RC0402FR-1362RL | Q46: Digi-Key | R46: 13-RC0402FR-1362RLCT-ND | S46: YAGEO | T46: RC0402FR-0762RL | U46: Digi-Key | V46: 311-62.0LRCT-ND | AB46: ="GPR"&E46&F46 -> GPR040262R
A47: 68R/0402 | B47: 68R/0402 | C47: RES SM 0402 68R | D47: GENERIC | E47: 0402 | F47: 68R | G47: =Config!$B$3 -> SCH/R_IEC.SchLib | H47: R | I47: PCB/SMT_CHIP.PcbLib | J47: R0402-0.35-WW | M47: 68 | N47: https://www.yageogroup.com/content/datasheet/asset/file/PYU-RC_GROUP_51_ROHS_L | O47: YAGEO | P47: RC0402FR-1368RL | Q47: Digi-Key | R47: 13-RC0402FR-1368RLCT-ND | S47: YAGEO | T47: RC0402FR-0768RL | U47: Digi-Key | V47: 311-68.0LRCT-ND | AB47: ="GPR"&E47&F47 -> GPR040268R
A48: 75R/0402 | B48: 75R/0402 | C48: RES SM 0402 75R | D48: GENERIC | E48: 0402 | F48: 75R | G48: =Config!$B$3 -> SCH/R_IEC.SchLib | H48: R | I48: PCB/SMT_CHIP.PcbLib | J48: R0402-0.35-WW | M48: 75 | N48: https://www.yageogroup.com/content/datasheet/asset/file/PYU-RC_GROUP_51_ROHS_L | O48: YAGEO | P48: RC0402FR-1375RL | Q48: Digi-Key | R48: 13-RC0402FR-1375RLCT-ND | S48: YAGEO | T48: RC0402FR-0775RL | U48: Digi-Key | V48: 311-75.0LRCT-ND | AB48: ="GPR"&E48&F48 -> GPR040275R
A49: 82R/0402 | B49: 82R/0402 | C49: RES SM 0402 82R | D49: GENERIC | E49: 0402 | F49: 82R | G49: =Config!$B$3 -> SCH/R_IEC.SchLib | H49: R | I49: PCB/SMT_CHIP.PcbLib | J49: R0402-0.35-WW | M49: 82 | N49: https://www.yageogroup.com/content/datasheet/asset/file/PYU-RC_GROUP_51_ROHS_L | O49: YAGEO | P49: RC0402FR-1382RL | Q49: Digi-Key | R49: 13-RC0402FR-1382RLCT-ND | S49: YAGEO | T49: RC0402FR-0782RL | U49: Digi-Key | V49: 311-82LRCT-ND | AB49: ="GPR"&E49&F49 -> GPR040282R
A50: 91R/0402 | B50: 91R/0402 | C50: RES SM 0402 91R | D50: GENERIC | E50: 0402 | F50: 91R | G50: =Config!$B$3 -> SCH/R_IEC.SchLib | H50: R | I50: PCB/SMT_CHIP.PcbLib | J50: R0402-0.35-WW | M50: 91 | N50: https://www.yageogroup.com/content/datasheet/asset/file/PYU-RC_GROUP_51_ROHS_L | O50: YAGEO | P50: RC0402FR-1391RL | Q50: Digi-Key | R50: 13-RC0402FR-1391RLCT-ND | S50: YAGEO | T50: RC0402FR-0791RL | U50: Digi-Key | V50: 311-91LRCT-ND | AB50: ="GPR"&E50&F50 -> GPR040291R
A51: 100R/0402 | B51: 100R/0402 | C51: RES SM 0402 100R | D51: GENERIC | E51: 0402 | F51: 100R | G51: =Config!$B$3 -> SCH/R_IEC.SchLib | H51: R | I51: PCB/SMT_CHIP.PcbLib | J51: R0402-0.35-WW | M51: 100 | N51: https://www.yageogroup.com/content/datasheet/asset/file/PYU-RC_GROUP_51_ROHS_L | O51: YAGEO | P51: RC0402FR-13100RL | Q51: Digi-Key | R51: 13-RC0402FR-13100RLCT-ND | S51: YAGEO | T51: RC0402FR-10100RL | U51: Digi-Key | V51: 13-RC0402FR-10100RLCT-ND | AB51: ="GPR"&E51&F51 -> GPR0402100R
A52: 110R/0402 | B52: 110R/0402 | C52: RES SM 0402 110R | D52: GENERIC | E52: 0402 | F52: 110R | G52: =Config!$B$3 -> SCH/R_IEC.SchLib | H52: R | I52: PCB/SMT_CHIP.PcbLib | J52: R0402-0.35-WW | M52: 110 | N52: https://www.yageogroup.com/content/datasheet/asset/file/PYU-RC_GROUP_51_ROHS_L | O52: YAGEO | P52: RC0402FR-13110RL | Q52: Digi-Key | R52: 13-RC0402FR-13110RLCT-ND | S52: YAGEO | T52: RC0402FR-07110RL | U52: Digi-Key | V52: 311-110LRCT-ND | AB52: ="GPR"&E52&F52 -> GPR0402110R
A53: 120R/0402 | B53: 120R/0402 | C53: RES SM 0402 120R | D53: GENERIC | E53: 0402 | F53: 120R | G53: =Config!$B$3 -> SCH/R_IEC.SchLib | H53: R | I53: PCB/SMT_CHIP.PcbLib | J53: R0402-0.35-WW | M53: 120 | N53: https://www.yageogroup.com/content/datasheet/asset/file/PYU-RC_GROUP_51_ROHS_L | O53: YAGEO | P53: RC0402FR-13120RL | Q53: Digi-Key | R53: 13-RC0402FR-13120RLCT-ND | S53: YAGEO | T53: RC0402FR-07120RL | U53: Digi-Key | V53: 311-120LRCT-ND | AB53: ="GPR"&E53&F53 -> GPR0402120R
A54: 130R/0402 | B54: 130R/0402 | C54: RES SM 0402 130R | D54: GENERIC | E54: 0402 | F54: 130R | G54: =Config!$B$3 -> SCH/R_IEC.SchLib | H54: R | I54: PCB/SMT_CHIP.PcbLib | J54: R0402-0.35-WW | M54: 130 | N54: https://www.yageogroup.com/content/datasheet/asset/file/PYU-RC_GROUP_51_ROHS_L | O54: YAGEO | P54: RC0402FR-13130RL | Q54: Digi-Key | R54: 13-RC0402FR-13130RLCT-ND | S54: YAGEO | T54: RC0402FR-07130RL | U54: Digi-Key | V54: 311-130LRCT-ND | AB54: ="GPR"&E54&F54 -> GPR0402130R
... A70: 620R/0402 | B70: 620R/0402 | C70: RES SM 0402 620R | D70: GENERIC | E70: 0402 | F70: 620R | G70: =Config!$B$3 -> SCH/R_IEC.SchLib | H70: R | I70: PCB/SMT_CHIP.PcbLib | J70: R0402-0.35-WW | M70: 620 | N70: https://www.yageogroup.com/content/datasheet/asset/file/PYU-RC_GROUP_51_ROHS_L | O70: YAGEO | P70: RC0402FR-13620RL | Q70: Digi-Key | R70: 13-RC0402FR-13620RLCT-ND | S70: YAGEO | T70: RC0402FR-07620RL | U70: Digi-Key | V70: 311-620LRCT-ND | AB70: ="GPR"&E70&F70 -> GPR0402620R
A71: 680R/0402 | B71: 680R/0402 | C71: RES SM 0402 680R | D71: GENERIC | E71: 0402 | F71: 680R | G71: =Config!$B$3 -> SCH/R_IEC.SchLib | H71: R | I71: PCB/SMT_CHIP.PcbLib | J71: R0402-0.35-WW | M71: 680 | N71: https://www.yageogroup.com/content/datasheet/asset/file/PYU-RC_GROUP_51_ROHS_L | O71: YAGEO | P71: RC0402FR-13680RL | Q71: Digi-Key | R71: 13-RC0402FR-13680RLCT-ND | S71: YAGEO | T71: RC0402FR-07680RL | U71: Digi-Key | V71: 311-680LRCT-ND | W71: 0402WGJ0681TCE | X71: UNI-ROYAL(Uniroyal Elec) | Y71: LCSC | Z71: C25177 | AA71: Extended | AB71: ="GPR"&E71&F71 -> GPR0402680R
A72: 750R/0402 | B72: 750R/0402 | C72: RES SM 0402 750R | D72: GENERIC | E72: 0402 | F72: 750R | G72: =Config!$B$3 -> SCH/R_IEC.SchLib | H72: R | I72: PCB/SMT_CHIP.PcbLib | J72: R0402-0.35-WW | M72: 750 | N72: https://www.yageogroup.com/content/datasheet/asset/file/PYU-RC_GROUP_51_ROHS_L | O72: YAGEO | P72: RC0402FR-13750RL | Q72: Digi-Key | R72: 13-RC0402FR-13750RLCT-ND | S72: YAGEO | T72: RC0402FR-07750RL | U72: Digi-Key | V72: 311-750LRCT-ND | AB72: ="GPR"&E72&F72 -> GPR0402750R
A73: 820R/0402 | B73: 820R/0402 | C73: RES SM 0402 820R | D73: GENERIC | E73: 0402 | F73: 820R | G73: =Config!$B$3 -> SCH/R_IEC.SchLib | H73: R | I73: PCB/SMT_CHIP.PcbLib | J73: R0402-0.35-WW | M73: 820 | N73: https://www.yageogroup.com/content/datasheet/asset/file/PYU-RC_GROUP_51_ROHS_L | O73: YAGEO | P73: RC0402FR-13820RL | Q73: Digi-Key | R73: 13-RC0402FR-13820RLCT-ND | S73: YAGEO | T73: RC0402FR-07820RL | U73: Digi-Key | V73: 311-820LRCT-ND | AB73: ="GPR"&E73&F73 -> GPR0402820R
A74: 910R/0402 | B74: 910R/0402 | C74: RES SM 0402 910R | D74: GENERIC | E74: 0402 | F74: 910R | G74: =Config!$B$3 -> SCH/R_IEC.SchLib | H74: R | I74: PCB/SMT_CHIP.PcbLib | J74: R0402-0.35-WW | M74: 910 | N74: https://www.yageogroup.com/content/datasheet/asset/file/PYU-RC_GROUP_51_ROHS_L | O74: YAGEO | P74: RC0402FR-13910RL | Q74: Digi-Key | R74: 13-RC0402FR-13910RLCT-ND | S74: YAGEO | T74: RC0402FR-07910RL | U74: Digi-Key | V74: 311-910LRCT-ND | AB74: ="GPR"&E74&F74 -> GPR0402910R
A75: 1K/0402 | B75: 1K/0402 | C75: RES SM 0402 1K | D75: GENERIC | E75: 0402 | F75: 1K | G75: =Config!$B$3 -> SCH/R_IEC.SchLib | H75: R | I75: PCB/SMT_CHIP.PcbLib | J75: R0402-0.35-WW | M75: 1000 | N75: https://www.yageogroup.com/content/datasheet/asset/file/PYU-RC_GROUP_51_ROHS_L | O75: YAGEO | P75: RC0402FR-131KL | Q75: Digi-Key | R75: 13-RC0402FR-131KLCT-ND | S75: YAGEO | T75: RC0402FR-101KL | U75: Digi-Key | V75: 13-RC0402FR-101KLCT-ND | AB75: ="GPR"&E75&F75 -> GPR04021K
A76: 1K1/0402 | B76: 1K1/0402 | C76: RES SM 0402 1K1 | D76: GENERIC | E76: 0402 | F76: 1K1 | G76: =Config!$B$3 -> SCH/R_IEC.SchLib | H76: R | I76: PCB/SMT_CHIP.PcbLib | J76: R0402-0.35-WW | M76: 1100 | N76: https://www.yageogroup.com/content/datasheet/asset/file/PYU-RC_GROUP_51_ROHS_L | O76: YAGEO | P76: RC0402FR-131K1L | Q76: Digi-Key | R76: 13-RC0402FR-131K1LCT-ND | S76: YAGEO | T76: RC0402FR-071K1L | U76: Digi-Key | V76: 311-1.10KLRCT-ND | AB76: ="GPR"&E76&F76 -> GPR04021K1
A77: 1K2/0402 | B77: 1K2/0402 | C77: RES SM 0402 1K2 | D77: GENERIC | E77: 0402 | F77: 1K2 | G77: =Config!$B$3 -> SCH/R_IEC.SchLib | H77: R | I77: PCB/SMT_CHIP.PcbLib | J77: R0402-0.35-WW | M77: 1200 | N77: https://www.yageogroup.com/content/datasheet/asset/file/PYU-RC_GROUP_51_ROHS_L | O77: YAGEO | P77: RC0402FR-131K2L | Q77: Digi-Key | R77: 13-RC0402FR-131K2LCT-ND | S77: YAGEO | T77: RC0402FR-071K2L | U77: Digi-Key | V77: 311-1.20KLRCT-ND | AB77: ="GPR"&E77&F77 -> GPR04021K2
A78: 1K3/0402 | B78: 1K3/0402 | C78: RES SM 0402 1K3 | D78: GENERIC | E78: 0402 | F78: 1K3 | G78: =Config!$B$3 -> SCH/R_IEC.SchLib | H78: R | I78: PCB/SMT_CHIP.PcbLib | J78: R0402-0.35-WW | M78: 1300 | N78: https://www.yageogroup.com/content/datasheet/asset/file/PYU-RC_GROUP_51_ROHS_L | O78: YAGEO | P78: RC0402FR-131K3L | Q78: Digi-Key | R78: 13-RC0402FR-131K3LCT-ND | S78: YAGEO | T78: RC0402FR-071K3L | U78: Digi-Key | V78: YAG3036CT-ND | AB78: ="GPR"&E78&F78 -> GPR04021K3
A79: 1K5/0402 | B79: 1K5/0402 | C79: RES SM 0402 1K5 | D79: GENERIC | E79: 0402 | F79: 1K5 | G79: =Config!$B$3 -> SCH/R_IEC.SchLib | H79: R | I79: PCB/SMT_CHIP.PcbLib | J79: R0402-0.35-WW | M79: 1500 | N79: https://www.yageogroup.com/content/datasheet/asset/file/PYU-RC_GROUP_51_ROHS_L | O79: YAGEO | P79: RC0402FR-131K5L | Q79: Digi-Key | R79: 13-RC0402FR-131K5LCT-ND | S79: YAGEO | T79: RC0402FR-071K5L | U79: Digi-Key | V79: 311-1.50KLRCT-ND | AB79: ="GPR"&E79&F79 -> GPR04021K5
A80: 1K6/0402 | B80: 1K6/0402 | C80: RES SM 0402 1K6 | D80: GENERIC | E80: 0402 | F80: 1K6 | G80: =Config!$B$3 -> SCH/R_IEC.SchLib | H80: R | I80: PCB/SMT_CHIP.PcbLib | J80: R0402-0.35-WW | M80: 1600 | N80: https://www.yageogroup.com/content/datasheet/asset/file/PYU-RC_GROUP_51_ROHS_L | O80: YAGEO | P80: RC0402FR-131K6L | Q80: Digi-Key | R80: 13-RC0402FR-131K6LCT-ND | S80: YAGEO | T80: RC0402FR-071K6L | U80: Digi-Key | V80: YAG3045CT-ND | AB80: ="GPR"&E80&F80 -> GPR04021K6
A81: 1K8/0402 | B81: 1K8/0402 | C81: RES SM 0402 1K8 | D81: GENERIC | E81: 0402 | F81: 1K8 | G81: =Config!$B$3 -> SCH/R_IEC.SchLib | H81: R | I81: PCB/SMT_CHIP.PcbLib | J81: R0402-0.35-WW | M81: 1800 | N81: https://www.yageogroup.com/content/datasheet/asset/file/PYU-RC_GROUP_51_ROHS_L | O81: YAGEO | P81: RC0402FR-131K8L | Q81: Digi-Key | R81: 13-RC0402FR-131K8LCT-ND | S81: YAGEO | T81: RC0402FR-071K8L | U81: Digi-Key | V81: 311-1.80KLRCT-ND | AB81: ="GPR"&E81&F81 -> GPR04021K8
A82: 2K/0402 | B82: 2K/0402 | C82: RES SM 0402 2K | D82: GENERIC | E82: 0402 | F82: 2K | G82: =Config!$B$3 -> SCH/R_IEC.SchLib | H82: R | I82: PCB/SMT_CHIP.PcbLib | J82: R0402-0.35-WW | M82: 2000 | N82: https://www.yageogroup.com/content/datasheet/asset/file/PYU-RC_GROUP_51_ROHS_L | O82: YAGEO | P82: RC0402FR-132KL | Q82: Digi-Key | R82: 13-RC0402FR-132KLCT-ND | S82: YAGEO | T82: RC0402FR-072KL | U82: Digi-Key | V82: 311-2KLRCT-ND | AB82: ="GPR"&E82&F82 -> GPR04022K
A83: 2K2/0402 | B83: 2K2/0402 | C83: RES SM 0402 2K2 | D83: GENERIC | E83: 0402 | F83: 2K2 | G83: =Config!$B$3 -> SCH/R_IEC.SchLib | H83: R | I83: PCB/SMT_CHIP.PcbLib | J83: R0402-0.35-WW | M83: 2200 | N83: https://www.yageogroup.com/content/datasheet/asset/file/PYU-RC_GROUP_51_ROHS_L | O83: YAGEO | P83: RC0402FR-132K2L | Q83: Digi-Key | R83: 13-RC0402FR-132K2LCT-ND | S83: YAGEO | T83: RC0402FR-102K2L | U83: Digi-Key | V83: 13-RC0402FR-102K2LCT-ND | AB83: ="GPR"&E83&F83 -> GPR04022K2
... A85: 2K7/0402 | B85: 2K7/0402 | C85: RES SM 0402 2K7 | D85: GENERIC | E85: 0402 | F85: 2K7 | G85: =Config!$B$3 -> SCH/R_IEC.SchLib | H85: R | I85: PCB/SMT_CHIP.PcbLib | J85: R0402-0.35-WW | M85: 2700 | N85: https://www.yageogroup.com/content/datasheet/asset/file/PYU-RC_GROUP_51_ROHS_L | O85: YAGEO | P85: RC0402FR-132K7L | Q85: Digi-Key | R85: 13-RC0402FR-132K7LCT-ND | S85: YAGEO | T85: RC0402FR-072K7L | U85: Digi-Key | V85: 311-2.70KLRCT-ND | AB85: ="GPR"&E85&F85 -> GPR04022K7
A86: 3K/0402 | B86: 3K/0402 | C86: RES SM 0402 3K | D86: GENERIC | E86: 0402 | F86: 3K | G86: =Config!$B$3 -> SCH/R_IEC.SchLib | H86: R | I86: PCB/SMT_CHIP.PcbLib | J86: R0402-0.35-WW | M86: 3000 | N86: https://www.yageogroup.com/content/datasheet/asset/file/PYU-RC_GROUP_51_ROHS_L | O86: YAGEO | P86: RC0402FR-073KL | Q86: Digi-Key | R86: 311-3KLRCT-ND | AB86: ="GPR"&E86&F86 -> GPR04023K
A87: 3K3/0402 | B87: 3K3/0402 | C87: RES SM 0402 3K3 | D87: GENERIC | E87: 0402 | F87: 3K3 | G87: =Config!$B$3 -> SCH/R_IEC.SchLib | H87: R | I87: PCB/SMT_CHIP.PcbLib | J87: R0402-0.35-WW | M87: 3300 | N87: https://www.yageogroup.com/content/datasheet/asset/file/PYU-RC_GROUP_51_ROHS_L | O87: YAGEO | P87: RC0402FR-133K3L | Q87: Digi-Key | R87: 13-RC0402FR-133K3LCT-ND | S87: YAGEO | T87: RC0402FR-073K3L | U87: Digi-Key | V87: 311-3.30KLRCT-ND | AB87: ="GPR"&E87&F87 -> GPR04023K3
A88: 3K6/0402 | B88: 3K6/0402 | C88: RES SM 0402 3K6 | D88: GENERIC | E88: 0402 | F88: 3K6 | G88: =Config!$B$3 -> SCH/R_IEC.SchLib | H88: R | I88: PCB/SMT_CHIP.PcbLib | J88: R0402-0.35-WW | M88: 3600 | N88: https://www.yageogroup.com/content/datasheet/asset/file/PYU-RC_GROUP_51_ROHS_L | O88: YAGEO | P88: RC0402FR-133K6L | Q88: Digi-Key | R88: 13-RC0402FR-133K6LCT-ND | S88: YAGEO | T88: RC0402FR-073K6L | U88: Digi-Key | V88: 311-3.6KLRCT-ND | AB88: ="GPR"&E88&F88 -> GPR04023K6
A89: 3K9/0402 | B89: 3K9/0402 | C89: RES SM 0402 3K9 | D89: GENERIC | E89: 0402 | F89: 3K9 | G89: =Config!$B$3 -> SCH/R_IEC.SchLib | H89: R | I89: PCB/SMT_CHIP.PcbLib | J89: R0402-0.35-WW | M89: 3900 | N89: https://www.yageogroup.com/content/datasheet/asset/file/PYU-RC_GROUP_51_ROHS_L | O89: YAGEO | P89: RC0402FR-133K9L | Q89: Digi-Key | R89: 13-RC0402FR-133K9LCT-ND | S89: YAGEO | T89: RC0402FR-073K9L | U89: Digi-Key | V89: 311-3.90KLRCT-ND | AB89: ="GPR"&E89&F89 -> GPR04023K9
A90: 4K3/0402 | B90: 4K3/0402 | C90: RES SM 0402 4K3 | D90: GENERIC | E90: 0402 | F90: 4K3 | G90: =Config!$B$3 -> SCH/R_IEC.SchLib | H90: R | I90: PCB/SMT_CHIP.PcbLib | J90: R0402-0.35-WW | M90: 4300 | N90: https://www.yageogroup.com/content/datasheet/asset/file/PYU-RC_GROUP_51_ROHS_L | O90: YAGEO | P90: RC0402FR-134K3L | Q90: Digi-Key | R90: 13-RC0402FR-134K3LCT-ND | S90: YAGEO | T90: RC0402FR-074K3L | U90: Digi-Key | V90: 311-4.30KLRCT-ND | AB90: ="GPR"&E90&F90 -> GPR04024K3
A91: 4K7/0402 | B91: 4K7/0402 | C91: RES SM 0402 4K7 | D91: GENERIC | E91: 0402 | F91: 4K7 | G91: =Config!$B$3 -> SCH/R_IEC.SchLib | H91: R | I91: PCB/SMT_CHIP.PcbLib | J91: R0402-0.35-WW | M91: 4700 | N91: https://www.yageogroup.com/content/datasheet/asset/file/PYU-RC_GROUP_51_ROHS_L | O91: YAGEO | P91: RC0402FR-134K7L | Q91: Digi-Key | R91: 13-RC0402FR-134K7LCT-ND | S91: YAGEO | T91: RC0402FR-104K7L | U91: Digi-Key | V91: 13-RC0402FR-104K7LCT-ND | AB91: ="GPR"&E91&F91 -> GPR04024K7
A92: 5K1/0402 | B92: 5K1/0402 | C92: RES SM 0402 5K1 | D92: GENERIC | E92: 0402 | F92: 5K1 | G92: =Config!$B$3 -> SCH/R_IEC.SchLib | H92: R | I92: PCB/SMT_CHIP.PcbLib | J92: R0402-0.35-WW | M92: 5100 | N92: https://www.yageogroup.com/content/datasheet/asset/file/PYU-RC_GROUP_51_ROHS_L | O92: YAGEO | P92: RC0402FR-135K1L | Q92: Digi-Key | R92: 13-RC0402FR-135K1LCT-ND | S92: YAGEO | T92: RC0402FR-075K1L | U92: Digi-Key | V92: 311-5.10KLRCT-ND | AB92: ="GPR"&E92&F92 -> GPR04025K1
A93: 5K6/0402 | B93: 5K6/0402 | C93: RES SM 0402 5K6 | D93: GENERIC | E93: 0402 | F93: 5K6 | G93: =Config!$B$3 -> SCH/R_IEC.SchLib | H93: R | I93: PCB/SMT_CHIP.PcbLib | J93: R0402-0.35-WW | M93: 5600 | N93: https://www.yageogroup.com/content/datasheet/asset/file/PYU-RC_GROUP_51_ROHS_L | O93: YAGEO | P93: RC0402FR-135K6L | Q93: Digi-Key | R93: 13-RC0402FR-135K6LCT-ND | S93: YAGEO | T93: RC0402FR-075K6L | U93: Digi-Key | V93: 311-5.6KLRCT-ND | AB93: ="GPR"&E93&F93 -> GPR04025K6
A94: 6K2/0402 | B94: 6K2/0402 | C94: RES SM 0402 6K2 | D94: GENERIC | E94: 0402 | F94: 6K2 | G94: =Config!$B$3 -> SCH/R_IEC.SchLib | H94: R | I94: PCB/SMT_CHIP.PcbLib | J94: R0402-0.35-WW | M94: 6200 | N94: https://www.yageogroup.com/content/datasheet/asset/file/PYU-RC_GROUP_51_ROHS_L | O94: YAGEO | P94: RC0402FR-136K2L | Q94: Digi-Key | R94: 13-RC0402FR-136K2LCT-ND | S94: YAGEO | T94: RC0402FR-076K2L | U94: Digi-Key | V94: 311-6.20KLRCT-ND | AB94: ="GPR"&E94&F94 -> GPR04026K2
A95: 6K8/0402 | B95: 6K8/0402 | C95: RES SM 0402 6K8 | D95: GENERIC | E95: 0402 | F95: 6K8 | G95: =Config!$B$3 -> SCH/R_IEC.SchLib | H95: R | I95: PCB/SMT_CHIP.PcbLib | J95: R0402-0.35-WW | M95: 6800 | N95: https://www.yageogroup.com/content/datasheet/asset/file/PYU-RC_GROUP_51_ROHS_L | O95: YAGEO | P95: RC0402FR-136K8L | Q95: Digi-Key | R95: 13-RC0402FR-136K8LCT-ND | S95: YAGEO | T95: RC0402FR-076K8L | U95: Digi-Key | V95: 311-6.80KLRCT-ND | AB95: ="GPR"&E95&F95 -> GPR04026K8
A96: 7K5/0402 | B96: 7K5/0402 | C96: RES SM 0402 7K5 | D96: GENERIC | E96: 0402 | F96: 7K5 | G96: =Config!$B$3 -> SCH/R_IEC.SchLib | H96: R | I96: PCB/SMT_CHIP.PcbLib | J96: R0402-0.35-WW | M96: 7500 | N96: https://www.yageogroup.com/content/datasheet/asset/file/PYU-RC_GROUP_51_ROHS_L | O96: YAGEO | P96: RC0402FR-137K5L | Q96: Digi-Key | R96: 13-RC0402FR-137K5LCT-ND | S96: YAGEO | T96: RC0402FR-077K5L | U96: Digi-Key | V96: 311-7.50KLRCT-ND | AB96: ="GPR"&E96&F96 -> GPR04027K5
A97: 8K2/0402 | B97: 8K2/0402 | C97: RES SM 0402 8K2 | D97: GENERIC | E97: 0402 | F97: 8K2 | G97: =Config!$B$3 -> SCH/R_IEC.SchLib | H97: R | I97: PCB/SMT_CHIP.PcbLib | J97: R0402-0.35-WW | M97: 8200 | N97: https://www.yageogroup.com/content/datasheet/asset/file/PYU-RC_GROUP_51_ROHS_L | O97: YAGEO | P97: RC0402FR-138K2L | Q97: Digi-Key | R97: 13-RC0402FR-138K2LCT-ND | S97: YAGEO | T97: RC0402FR-078K2L | U97: Digi-Key | V97: 311-8.20KLRCT-ND | AB97: ="GPR"&E97&F97 -> GPR04028K2
A98: 9K1/0402 | B98: 9K1/0402 | C98: RES SM 0402 9K1 | D98: GENERIC | E98: 0402 | F98: 9K1 | G98: =Config!$B$3 -> SCH/R_IEC.SchLib | H98: R | I98: PCB/SMT_CHIP.PcbLib | J98: R0402-0.35-WW | M98: 9100 | N98: https://www.yageogroup.com/content/datasheet/asset/file/PYU-RC_GROUP_51_ROHS_L | O98: YAGEO | P98: RC0402FR-139K1L | Q98: Digi-Key | R98: 13-RC0402FR-139K1LCT-ND | S98: YAGEO | T98: RC0402FR-079K1L | U98: Digi-Key | V98: 311-9.10KLRCT-ND | AB98: ="GPR"&E98&F98 -> GPR04029K1
... A135: 330K/0402 | B135: 330K/0402 | C135: RES SM 0402 330K | D135: GENERIC | E135: 0402 | F135: 330K | G135: =Config!$B$3 -> SCH/R_IEC.SchLib | H135: R | I135: PCB/SMT_CHIP.PcbLib | J135: R0402-0.35-WW | M135: 330000 | N135: https://www.yageogroup.com/content/datasheet/asset/file/PYU-RC_GROUP_51_ROHS_L | O135: YAGEO | P135: RC0402FR-13330KL | Q135: Digi-Key | R135: 13-RC0402FR-13330KLCT-ND | S135: YAGEO | T135: RC0402FR-07330KL | U135: Digi-Key | V135: 311-330KLRCT-ND | AB135: ="GPR"&E135&F135 -> GPR0402330K
A136: 360K/0402 | B136: 360K/0402 | C136: RES SM 0402 360K | D136: GENERIC | E136: 0402 | F136: 360K | G136: =Config!$B$3 -> SCH/R_IEC.SchLib | H136: R | I136: PCB/SMT_CHIP.PcbLib | J136: R0402-0.35-WW | M136: 360000 | N136: https://www.yageogroup.com/content/datasheet/asset/file/PYU-RC_GROUP_51_ROHS_L | O136: YAGEO | P136: RC0402FR-07360KL | Q136: Digi-Key | R136: 311-360KLRCT-ND | AB136: ="GPR"&E136&F136 -> GPR0402360K
A137: 390K/0402 | B137: 390K/0402 | C137: RES SM 0402 390K | D137: GENERIC | E137: 0402 | F137: 390K | G137: =Config!$B$3 -> SCH/R_IEC.SchLib | H137: R | I137: PCB/SMT_CHIP.PcbLib | J137: R0402-0.35-WW | M137: 390000 | N137: https://www.yageogroup.com/content/datasheet/asset/file/PYU-RC_GROUP_51_ROHS_L | O137: YAGEO | P137: RC0402FR-13390KL | Q137: Digi-Key | R137: 13-RC0402FR-13390KLCT-ND | S137: YAGEO | T137: RC0402FR-07390KL | U137: Digi-Key | V137: YAG3143CT-ND | AB137: ="GPR"&E137&F137 -> GPR0402390K
A138: 430K/0402 | B138: 430K/0402 | C138: RES SM 0402 430K | D138: GENERIC | E138: 0402 | F138: 430K | G138: =Config!$B$3 -> SCH/R_IEC.SchLib | H138: R | I138: PCB/SMT_CHIP.PcbLib | J138: R0402-0.35-WW | M138: 430000 | N138: https://www.yageogroup.com/content/datasheet/asset/file/PYU-RC_GROUP_51_ROHS_L | O138: YAGEO | P138: RC0402FR-07430KL | Q138: Digi-Key | R138: 311-430KLRCT-ND | AB138: ="GPR"&E138&F138 -> GPR0402430K
A139: 470K/0402 | B139: 470K/0402 | C139: RES SM 0402 470K | D139: GENERIC | E139: 0402 | F139: 470K | G139: =Config!$B$3 -> SCH/R_IEC.SchLib | H139: R | I139: PCB/SMT_CHIP.PcbLib | J139: R0402-0.35-WW | M139: 470000 | N139: https://www.yageogroup.com/content/datasheet/asset/file/PYU-RC_GROUP_51_ROHS_L | O139: YAGEO | P139: RC0402FR-13470KL | Q139: Digi-Key | R139: 13-RC0402FR-13470KLCT-ND | S139: YAGEO | T139: RC0402FR-07470KL | U139: Digi-Key | V139: 311-470KLRCT-ND | AB139: ="GPR"&E139&F139 -> GPR0402470K
A140: 510K/0402 | B140: 510K/0402 | C140: RES SM 0402 510K | D140: GENERIC | E140: 0402 | F140: 510K | G140: =Config!$B$3 -> SCH/R_IEC.SchLib | H140: R | I140: PCB/SMT_CHIP.PcbLib | J140: R0402-0.35-WW | M140: 510000 | N140: https://www.yageogroup.com/content/datasheet/asset/file/PYU-RC_GROUP_51_ROHS_L | O140: YAGEO | P140: RC0402FR-13510KL | Q140: Digi-Key | R140: 13-RC0402FR-13510KLCT-ND | S140: YAGEO | T140: RC0402FR-10510KL | U140: Digi-Key | V140: 13-RC0402FR-10510KLCT-ND | AB140: ="GPR"&E140&F140 -> GPR0402510K
A141: 560K/0402 | B141: 560K/0402 | C141: RES SM 0402 560K | D141: GENERIC | E141: 0402 | F141: 560K | G141: =Config!$B$3 -> SCH/R_IEC.SchLib | H141: R | I141: PCB/SMT_CHIP.PcbLib | J141: R0402-0.35-WW | M141: 560000 | N141: https://www.yageogroup.com/content/datasheet/asset/file/PYU-RC_GROUP_51_ROHS_L | O141: YAGEO | P141: RC0402FR-13560KL | Q141: Digi-Key | R141: 13-RC0402FR-13560KLCT-ND | S141: YAGEO | T141: RC0402FR-07560KL | U141: Digi-Key | V141: 311-560KLRCT-ND | AB141: ="GPR"&E141&F141 -> GPR0402560K
A142: 620K/0402 | B142: 620K/0402 | C142: RES SM 0402 620K | D142: GENERIC | E142: 0402 | F142: 620K | G142: =Config!$B$3 -> SCH/R_IEC.SchLib | H142: R | I142: PCB/SMT_CHIP.PcbLib | J142: R0402-0.35-WW | M142: 620000 | N142: https://www.yageogroup.com/content/datasheet/asset/file/PYU-RC_GROUP_51_ROHS_L | O142: YAGEO | P142: RC0402FR-07620KL | Q142: Digi-Key | R142: 311-620KLRCT-ND | AB142: ="GPR"&E142&F142 -> GPR0402620K
A143: 680K/0402 | B143: 680K/0402 | C143: RES SM 0402 680K | D143: GENERIC | E143: 0402 | F143: 680K | G143: =Config!$B$3 -> SCH/R_IEC.SchLib | H143: R | I143: PCB/SMT_CHIP.PcbLib | J143: R0402-0.35-WW | M143: 680000 | N143: https://www.yageogroup.com/content/datasheet/asset/file/PYU-RC_GROUP_51_ROHS_L | O143: YAGEO | P143: RC0402FR-13680KL | Q143: Digi-Key | R143: 13-RC0402FR-13680KLCT-ND | S143: YAGEO | T143: RC0402FR-07680KL | U143: Digi-Key | V143: YAG3211CT-ND | AB143: ="GPR"&E143&F143 -> GPR0402680K
A144: 750K/0402 | B144: 750K/0402 | C144: RES SM 0402 750K | D144: GENERIC | E144: 0402 | F144: 750K | G144: =Config!$B$3 -> SCH/R_IEC.SchLib | H144: R | I144: PCB/SMT_CHIP.PcbLib | J144: R0402-0.35-WW | M144: 750000 | N144: https://www.yageogroup.com/content/datasheet/asset/file/PYU-RC_GROUP_51_ROHS_L | O144: YAGEO | P144: RC0402FR-13750KL | Q144: Digi-Key | R144: 13-RC0402FR-13750KLCT-ND | S144: YAGEO | T144: RC0402FR-07750KL | U144: Digi-Key | V144: YAG3228CT-ND | AB144: ="GPR"&E144&F144 -> GPR0402750K
A145: 820K/0402 | B145: 820K/0402 | C145: RES SM 0402 820K | D145: GENERIC | E145: 0402 | F145: 820K | G145: =Config!$B$3 -> SCH/R_IEC.SchLib | H145: R | I145: PCB/SMT_CHIP.PcbLib | J145: R0402-0.35-WW | M145: 820000 | N145: https://www.yageogroup.com/content/datasheet/asset/file/PYU-RC_GROUP_51_ROHS_L | O145: YAGEO | P145: RC0402FR-13820KL | Q145: Digi-Key | R145: 13-RC0402FR-13820KLCT-ND | S145: YAGEO | T145: RC0402FR-07820KL | U145: Digi-Key | V145: YAG3240CT-ND | AB145: ="GPR"&E145&F145 -> GPR0402820K
A146: 910K/0402 | B146: 910K/0402 | C146: RES SM 0402 910K | D146: GENERIC | E146: 0402 | F146: 910K | G146: =Config!$B$3 -> SCH/R_IEC.SchLib | H146: R | I146: PCB/SMT_CHIP.PcbLib | J146: R0402-0.35-WW | M146: 910000 | N146: https://www.yageogroup.com/content/datasheet/asset/file/PYU-RC_GROUP_51_ROHS_L | O146: YAGEO | P146: RC0402FR-07910KL | Q146: Digi-Key | R146: YAG3257CT-ND | S146: YAGEO | T146: RC0402FR-7W910KL | U146: Digi-Key | V146: 13-RC0402FR-7W910KLCT-ND | AB146: ="GPR"&E146&F146 -> GPR0402910K
A147: 1M/0402 | B147: 1M/0402 | C147: RES SM 0402 1M | D147: GENERIC | E147: 0402 | F147: 1M | G147: =Config!$B$3 -> SCH/R_IEC.SchLib | H147: R | I147: PCB/SMT_CHIP.PcbLib | J147: R0402-0.35-WW | M147: 1000000 | N147: https://www.yageogroup.com/content/datasheet/asset/file/PYU-RC_GROUP_51_ROHS_L | O147: YAGEO | P147: RC0402FR-131ML | Q147: Digi-Key | R147: 13-RC0402FR-131MLCT-ND | S147: YAGEO | T147: RC0402FR-101ML | U147: Digi-Key | V147: 13-RC0402FR-101MLCT-ND | AB147: ="GPR"&E147&F147 -> GPR04021M
A148: 1M1/0402 | B148: 1M1/0402 | C148: RES SM 0402 1M1 | D148: GENERIC | E148: 0402 | F148: 1M1 | G148: =Config!$B$3 -> SCH/R_IEC.SchLib | H148: R | I148: PCB/SMT_CHIP.PcbLib | J148: R0402-0.35-WW | M148: 1100000 | N148: https://www.yageogroup.com/content/datasheet/asset/file/PYU-RC_GROUP_51_ROHS_L | O148: YAGEO | P148: RC0402FR-071M1L | Q148: Digi-Key | R148: 13-RC0402FR-071M1LCT-ND | AB148: ="GPR"&E148&F148 -> GPR04021M1
A149: 1M2/0402 | B149: 1M2/0402 | C149: RES SM 0402 1M2 | D149: GENERIC | E149: 0402 | F149: 1M2 | G149: =Config!$B$3 -> SCH/R_IEC.SchLib | H149: R | I149: PCB/SMT_CHIP.PcbLib | J149: R0402-0.35-WW | M149: 1200000 | N149: https://www.yageogroup.com/content/datasheet/asset/file/PYU-RC_GROUP_51_ROHS_L | O149: YAGEO | P149: RC0402FR-071M2L | Q149: Digi-Key | R149: 13-RC0402FR-071M2LCT-ND | AB149: ="GPR"&E149&F149 -> GPR04021M2
A150: 1M3/0402 | B150: 1M3/0402 | C150: RES SM 0402 1M3 | D150: GENERIC | E150: 0402 | F150: 1M3 | G150: =Config!$B$3 -> SCH/R_IEC.SchLib | H150: R | I150: PCB/SMT_CHIP.PcbLib | J150: R0402-0.35-WW | M150: 1300000 | N150: https://www.yageogroup.com/content/datasheet/asset/file/PYU-RC_GROUP_51_ROHS_L | O150: YAGEO | P150: RC0402FR-071M3L | Q150: Digi-Key | R150: 13-RC0402FR-071M3LCT-ND | AB150: ="GPR"&E150&F150 -> GPR04021M3
A151: 1M5/0402 | B151: 1M5/0402 | C151: RES SM 0402 1M5 | D151: GENERIC | E151: 0402 | F151: 1M5 | G151: =Config!$B$3 -> SCH/R_IEC.SchLib | H151: R | I151: PCB/SMT_CHIP.PcbLib | J151: R0402-0.35-WW | M151: 1500000 | N151: https://www.yageogroup.com/content/datasheet/asset/file/PYU-RC_GROUP_51_ROHS_L | O151: YAGEO | P151: RC0402FR-071M5L | Q151: Digi-Key | R151: 13-RC0402FR-071M5LCT-ND | AB151: ="GPR"&E151&F151 -> GPR04021M5
A152: 1M6/0402 | B152: 1M6/0402 | C152: RES SM 0402 1M6 | D152: GENERIC | E152: 0402 | F152: 1M6 | G152: =Config!$B$3 -> SCH/R_IEC.SchLib | H152: R | I152: PCB/SMT_CHIP.PcbLib | J152: R0402-0.35-WW | M152: 1600000 | N152: https://www.yageogroup.com/content/datasheet/asset/file/PYU-RC_GROUP_51_ROHS_L | O152: YAGEO | P152: RC0402FR-071M6L | Q152: Digi-Key | R152: 13-RC0402FR-071M6LCT-ND | AB152: ="GPR"&E152&F152 -> GPR04021M6
...

Sheet C
A1: Part Number | B1: Comment | C1: Description | D1: Manufacturer | E1: Package | F1: Value | G1: Library Path | H1: Library Ref | I1: Footprint Path | J1: Footprint Ref | K1: Absolute Value | L1: HelpURL | M1: Manufacturer 1 | N1: Manufacturer Part Number 1 | O1: Supplier 1 | P1: Supplier Part Number 1 | Q1: Manufacturer 2 | R1: Manufacturer Part Number 2 | S1: Supplier 2 | T1: Supplier Part Number 2 | U1: Manufacturer 3 | V1: Manufacturer Part Number 3 | W1: Supplier 3 | X1: Supplier Part Number 3 | Y1: JLC Type | Z1: Eurocircuits GPN
A2: 1P/0603/50V/C0G | B2: 1P/0603/50V/C0G | C2: CAP SM 0603 1.0pF 50V C0G | D2: GENERIC | E2: 0603 | F2: 1.0pF | G2: =Config!$B$4 -> SCH/C_IEC.SchLib | H2: C | I2: PCB/SMT_CHIP.PcbLib | J2: CAP0603_C0G | K2: 1e-12 | L2: https://www.yageo.com/upload/media/product/productsearch/datasheet/mlcc/UPY-GP_NP0_16V-to-50V_18.pdf | M2: YAGEO | N2: CC0603CRNPO9BN1R0 | O2: Digi-Key | P2: 311-1049-1-ND | Q2: YAGEO | R2: CC0603BRNPO9BN1R0 | S2: Digi-Key | T2: 311-3346-1-ND | Z2: GPC06031R0-C0G
A3: 1P2/0603/50V/C0G | B3: 1P2/0603/50V/C0G | C3: CAP SM 0603 1.2pF 50V C0G | D3: GENERIC | E3: 0603 | F3: 1.2pF | G3: =Config!$B$4 -> SCH/C_IEC.SchLib | H3: C | I3: PCB/SMT_CHIP.PcbLib | J3: CAP0603_C0G | K3: 1.2e-12 | L3: https://www.yageo.com/upload/media/product/productsearch/datasheet/mlcc/UPY-GP_NP0_16V-to-50V_18.pdf | M3: YAGEO | N3: CC0603CRNPO9BN1R2 | O3: Digi-Key | P3: 311-3851-1-ND | Q3: YAGEO | R3: CC0603BRNPO9BN1R2 | S3: Digi-Key | T3: 311-3825-1-ND | Z3: GPC06031R2-C0G
A4: 1P5/0603/50V/C0G | B4: 1P5/0603/50V/C0G | C4: CAP SM 0603 1.5pF 50V C0G | D4: GENERIC | E4: 0603 | F4: 1.5pF | G4: =Config!$B$4 -> SCH/C_IEC.SchLib | H4: C | I4: PCB/SMT_CHIP.PcbLib | J4: CAP0603_C0G | K4: 1.5e-12 | L4: https://www.yageo.com/upload/media/product/productsearch/datasheet/mlcc/UPY-GP_NP0_16V-to-50V_18.pdf | M4: YAGEO | N4: CC0603CRNPO9BN1R5 | O4: Digi-Key | P4: 311-1050-1-ND | Q4: YAGEO | R4: CC0603BRNPO9BN1R5 | S4: Digi-Key | T4: 311-1737-1-ND | Z4: GPC06031R5-C0G
A5: 1P8/0603/50V/C0G | B5: 1P8/0603/50V/C0G | C5: CAP SM 0603 1.8pF 50V C0G | D5: GENERIC | E5: 0603 | F5: 1.8pF | G5: =Config!$B$4 -> SCH/C_IEC.SchLib | H5: C | I5: PCB/SMT_CHIP.PcbLib | J5: CAP0603_C0G | K5: 1.8e-12 | L5: https://www.yageo.com/upload/media/product/productsearch/datasheet/mlcc/UPY-GP_NP0_16V-to-50V_18.pdf | M5: YAGEO | N5: CC0603CRNPO9BN1R8 | O5: Digi-Key | P5: 311-3852-1-ND | Q5: YAGEO | R5: CC0603BRNPO9BN1R8 | S5: Digi-Key | T5: 311-3826-1-ND | Z5: GPC06031R8-C0G
A6: 2P2/0603/50V/C0G | B6: 2P2/0603/50V/C0G | C6: CAP SM 0603 2.2pF 50V C0G | D6: GENERIC | E6: 0603 | F6: 2.2pF | G6: =Config!$B$4 -> SCH/C_IEC.SchLib | H6: C | I6: PCB/SMT_CHIP.PcbLib | J6: CAP0603_C0G | K6: 2.2e-12 | L6: https://www.yageo.com/upload/media/product/productsearch/datasheet/mlcc/UPY-GP_NP0_16V-to-50V_18.pdf | M6: YAGEO | N6: CC0603CRNPO9BN2R2 | O6: Digi-Key | P6: 311-1739-1-ND | Q6: YAGEO | R6: CC0603DRNPO9BN2R2 | S6: Digi-Key | T6: 311-3870-1-ND | Z6: GPC06032R2-C0G
A7: 2P7/0603/50V/C0G | B7: 2P7/0603/50V/C0G | C7: CAP SM 0603 2.7pF 50V C0G | D7: GENERIC | E7: 0603 | F7: 2.7pF | G7: =Config!$B$4 -> SCH/C_IEC.SchLib | H7: C | I7: PCB/SMT_CHIP.PcbLib | J7: CAP0603_C0G | K7: 2.7e-12 | L7: https://www.yageo.com/upload/media/product/productsearch/datasheet/mlcc/UPY-GP_NP0_16V-to-50V_18.pdf | M7: YAGEO | N7: CC0603CRNPO9BN2R7 | O7: Digi-Key | P7: 311-3854-1-ND | Q7: YAGEO | R7: CC0603BRNPO9BN2R7 | S7: Digi-Key | T7: 311-3830-1-ND | Z7: GPC06032R7-C0G
A8: 3P3/0603/50V/C0G | B8: 3P3/0603/50V/C0G | C8: CAP SM 0603 3.3pF 50V C0G | D8: GENERIC | E8: 0603 | F8: 3.3pF | G8: =Config!$B$4 -> SCH/C_IEC.SchLib | H8: C | I8: PCB/SMT_CHIP.PcbLib | J8: CAP0603_C0G | K8: 3.3e-12 | L8: https://www.yageo.com/upload/media/product/productsearch/datasheet/mlcc/UPY-GP_NP0_16V-to-50V_18.pdf | M8: YAGEO | N8: CC0603CRNPO9BN3R3 | O8: Digi-Key | P8: 311-3855-1-ND | Q8: YAGEO | R8: CC0603BRNPO9BN3R3 | S8: Digi-Key | T8: 311-3832-1-ND | Z8: GPC06033R3-C0G
A9: 3P9/0603/50V/C0G | B9: 3P9/0603/50V/C0G | C9: CAP SM 0603 3.9pF 50V C0G | D9: GENERIC | E9: 0603 | F9: 3.9pF | G9: =Config!$B$4 -> SCH/C_IEC.SchLib | H9: C | I9: PCB/SMT_CHIP.PcbLib | J9: CAP0603_C0G | K9: 3.9e-12 | L9: https://www.yageo.com/upload/media/product/productsearch/datasheet/mlcc/UPY-GP_NP0_16V-to-50V_18.pdf | M9: YAGEO | N9: CC0603CRNPO9BN3R9 | O9: Digi-Key | P9: 311-3857-1-ND | Q9: YAGEO | R9: CC0603BRNPO9BN3R9 | S9: Digi-Key | T9: 311-3834-1-ND | Z9: GPC06033R9-C0G
A10: 4P7/0603/50V/C0G | B10: 4P7/0603/50V/C0G | C10: CAP SM 0603 4.7pF 50V C0G | D10: GENERIC | E10: 0603 | F10: 4.7pF | G10: =Config!$B$4 -> SCH/C_IEC.SchLib | H10: C | I10: PCB/SMT_CHIP.PcbLib | J10: CAP0603_C0G | K10: 4.7e-12 | L10: https://www.yageo.com/upload/media/product/productsearch/datasheet/mlcc/UPY-GP_NP0_16V-to-50V_18.pdf | M10: YAGEO | N10: CC0603CRNPO9BN4R7 | O10: Digi-Key | P10: 311-1740-1-ND | Q10: YAGEO | R10: CC0603DRNPO9BN4R7 | S10: Digi-Key | T10: 13-CC0603DRNPO9BN4R7CT-ND | U10: HRE | V10: CGA0603C0G4R7C500JT | W10: LCSC | X10: C41361238 | Z10: GPC06034R7-C0G
A11: 5P6/0603/50V/C0G | B11: 5P6/0603/50V/C0G | C11: CAP SM 0603 5.6pF 50V C0G | D11: GENERIC | E11: 0603 | F11: 5.6pF | G11: =Config!$B$4 -> SCH/C_IEC.SchLib | H11: C | I11: PCB/SMT_CHIP.PcbLib | J11: CAP0603_C0G | K11: 5.6e-12 | L11: https://www.yageo.com/upload/media/product/productsearch/datasheet/mlcc/UPY-GP_NP0_16V-to-50V_18.pdf | M11: YAGEO | N11: CC0603DRNPO9BN5R6 | O11: Digi-Key | P11: 311-3872-1-ND | Q11: YAGEO | R11: CC0603CRNPO9BN5R6 | S11: Digi-Key | T11: 311-1741-1-ND | Z11: GPC06035R6-C0G
A12: 6P8/0603/50V/C0G | B12: 6P8/0603/50V/C0G | C12: CAP SM 0603 6.8pF 50V C0G | D12: GENERIC | E12: 0603 | F12: 6.8pF | G12: =Config!$B$4 -> SCH/C_IEC.SchLib | H12: C | I12: PCB/SMT_CHIP.PcbLib | J12: CAP0603_C0G | K12: 6.8e-12 | L12: https://www.yageo.com/upload/media/product/productsearch/datasheet/mlcc/UPY-GP_NP0_16V-to-50V_18.pdf | M12: YAGEO | N12: CC0603DRNPO9BN6R8 | O12: Digi-Key | P12: 311-3874-1-ND | Q12: YAGEO | R12: CC0603CRNPO9BN6R8 | S12: Digi-Key | T12: 311-3861-1-ND | Z12: GPC06036R8-C0G
A13: 8P2/0603/50V/C0G | B13: 8P2/0603/50V/C0G | C13: CAP SM 0603 8.2pF 50V C0G | D13: GENERIC | E13: 0603 | F13: 8.2pF | G13: =Config!$B$4 -> SCH/C_IEC.SchLib | H13: C | I13: PCB/SMT_CHIP.PcbLib | J13: CAP0603_C0G | K13: 8.2e-12 | L13: https://www.yageo.com/upload/media/product/productsearch/datasheet/mlcc/UPY-GP_NP0_16V-to-50V_18.pdf | M13: YAGEO | N13: CC0603DRNPO9BN8R2 | O13: Digi-Key | P13: 311-1742-1-ND | Q13: YAGEO | R13: CC0603JRNPO9BN8R2 | S13: Digi-Key | T13: 311-3977-1-ND | Z13: GPC06038R2-C0G
A14: 10P/0603/50V/C0G | B14: 10P/0603/50V/C0G | C14: CAP SM 0603 10pF 50V C0G | D14: GENERIC | E14: 0603 | F14: 10pF | G14: =Config!$B$4 -> SCH/C_IEC.SchLib | H14: C | I14: PCB/SMT_CHIP.PcbLib | J14: CAP0603_C0G | K14: 1e-11 | L14: https://www.yageo.com/upload/media/product/productsearch/datasheet/mlcc/UPY-GP_NP0_16V-to-50V_18.pdf | M14: YAGEO | N14: CC0603JRNPO9BN100 | O14: Digi-Key | P14: 311-1058-1-ND | Q14: YAGEO | R14: CC0603KRNPO9BN100 | S14: Digi-Key | T14: 311-4025-1-ND | U14: Samsung Electro-Mechanics | V14: CL10C100JB8NNNC | W14: LCSC | X14: C1634 | Z14: GPC0603100-C0G
A15: 12P/0603/50V/C0G | B15: 12P/0603/50V/C0G | C15: CAP SM 0603 12pF 50V C0G | D15: GENERIC | E15: 0603 | F15: 12pF | G15: =Config!$B$4 -> SCH/C_IEC.SchLib | H15: C | I15: PCB/SMT_CHIP.PcbLib | J15: CAP0603_C0G | K15: 1.2e-11 | L15: https://www.yageo.com/upload/media/product/productsearch/datasheet/mlcc/UPY-GP_NP0_16V-to-50V_18.pdf | M15: YAGEO | N15: CC0603JRNPO9BN120 | O15: Digi-Key | P15: 311-1059-1-ND | Q15: YAGEO | R15: CC0603KRNPO9BN120 | S15: Digi-Key | T15: 311-4027-1-ND | Z15: GPC0603120-C0G
A16: 15P/0603/50V/C0G | B16: 15P/0603/50V/C0G | C16: CAP SM 0603 15pF 50V C0G | D16: GENERIC | E16: 0603 | F16: 15pF | G16: =Config!$B$4 -> SCH/C_IEC.SchLib | H16: C | I16: PCB/SMT_CHIP.PcbLib | J16: CAP0603_C0G | K16: 1.5e-11 | L16: https://www.yageo.com/upload/media/product/productsearch/datasheet/mlcc/UPY-GP_NP0_16V-to-50V_18.pdf | M16: YAGEO | N16: CC0603JRNPO9BN150 | O16: Digi-Key | P16: 311-1060-1-ND | Q16: YAGEO | R16: CC0603KRNPO9BN150 | S16: Digi-Key | T16: 311-4028-1-ND | U16: Samsung Electro-Mechanics | V16: Samsung Electro-Mechanics | W16: LCSC | X16: C1644 | Y16: Basic | Z16: GPC0603150-C0G
A17: 18P/0603/50V/C0G | B17: 18P/0603/50V/C0G | C17: CAP SM 0603 18pF 50V C0G | D17: GENERIC | E17: 0603 | F17: 18pF | G17: =Config!$B$4 -> SCH/C_IEC.SchLib | H17: C | I17: PCB/SMT_CHIP.PcbLib | J17: CAP0603_C0G | K17: 1.8e-11 | L17: https://www.yageo.com/upload/media/product/productsearch/datasheet/mlcc/UPY-GP_NP0_16V-to-50V_18.pdf | M17: YAGEO | N17: CC0603JRNPO9BN180 | O17: Digi-Key | P17: 311-1061-1-ND | Q17: YAGEO | R17: CC0603KRNPO9BN180 | S17: Digi-Key | T17: 13-CC0603KRNPO9BN180CT-ND | Z17: GPC0603180-C0G
A18: 22P/0603/50V/C0G | B18: 22P/0603/50V/C0G | C18: CAP SM 0603 22pF 50V C0G | D18: GENERIC | E18: 0603 | F18: 22pF | G18: =Config!$B$4 -> SCH/C_IEC.SchLib | H18: C | I18: PCB/SMT_CHIP.PcbLib | J18: CAP0603_C0G | K18: 2.2e-11 | L18: https://www.yageo.com/upload/media/product/productsearch/datasheet/mlcc/UPY-GP_NP0_16V-to-50V_18.pdf | M18: YAGEO | N18: CC0603JRNPO9BN220 | O18: Digi-Key | P18: 311-1062-1-ND | Q18: YAGEO | R18: CC0603KRNPO9BN220 | S18: Digi-Key | T18: 311-4030-1-ND | Z18: GPC0603220-C0G
A19: 27P/0603/50V/C0G | B19: 27P/0603/50V/C0G | C19: CAP SM 0603 27pF 50V C0G | D19: GENERIC | E19: 0603 | F19: 27pF | G19: =Config!$B$4 -> SCH/C_IEC.SchLib | H19: C | I19: PCB/SMT_CHIP.PcbLib | J19: CAP0603_C0G | K19: 2.7e-11 | L19: https://www.yageo.com/upload/media/product/productsearch/datasheet/mlcc/UPY-GP_NP0_16V-to-50V_18.pdf | M19: YAGEO | N19: CC0603JRNPO9BN270 | O19: Digi-Key | P19: 311-1063-1-ND | Q19: YAGEO | R19: CC0603KRNPO9BN270 | S19: Digi-Key | T19: 311-4032-1-ND | Z19: GPC0603270-C0G
A20: 33P/0603/50V/C0G | B20: 33P/0603/50V/C0G | C20: CAP SM 0603 33pF 50V C0G | D20: GENERIC | E20: 0603 | F20: 33pF | G20: =Config!$B$4 -> SCH/C_IEC.SchLib | H20: C | I20: PCB/SMT_CHIP.PcbLib | J20: CAP0603_C0G | K20: 3.3e-11 | L20: https://www.yageo.com/upload/media/product/productsearch/datasheet/mlcc/UPY-GP_NP0_16V-to-50V_18.pdf | M20: YAGEO | N20: CC0603JRNPO9BN330 | O20: Digi-Key | P20: 311-1064-1-ND | Q20: YAGEO | R20: CC0603KRNPO9BN330 | S20: Digi-Key | T20: 311-4034-1-ND | Z20: GPC0603330-C0G
A21: 39P/0603/50V/C0G | B21: 39P/0603/50V/C0G | C21: CAP SM 0603 39pF 50V C0G | D21: GENERIC | E21: 0603 | F21: 39pF | G21: =Config!$B$4 -> SCH/C_IEC.SchLib | H21: C | I21: PCB/SMT_CHIP.PcbLib | J21: CAP0603_C0G | K21: 3.9e-11 | L21: https://www.yageo.com/upload/media/product/productsearch/datasheet/mlcc/UPY-GP_NP0_16V-to-50V_18.pdf | M21: YAGEO | N21: CC0603JRNPO9BN390 | O21: Digi-Key | P21: 311-1774-1-ND | Q21: YAGEO | R21: CC0603KRNPO9BN390 | S21: Digi-Key | T21: 13-CC0603KRNPO9BN390CT-ND | Z21: GPC0603390-C0G
A22: 47P/0603/50V/C0G | B22: 47P/0603/50V/C0G | C22: CAP SM 0603 47pF 50V C0G | D22: GENERIC | E22: 0603 | F22: 47pF | G22: =Config!$B$4 -> SCH/C_IEC.SchLib | H22: C | I22: PCB/SMT_CHIP.PcbLib | J22: CAP0603_C0G | K22: 4.7e-11 | L22: https://www.yageo.com/upload/media/product/productsearch/datasheet/mlcc/UPY-GP_NP0_16V-to-50V_18.pdf | M22: YAGEO | N22: CC0603JRNPO9BN470 | O22: Digi-Key | P22: 311-1065-1-ND | Q22: YAGEO | R22: CC0603KRNPO9BN470 | S22: Digi-Key | T22: 311-4037-1-ND | U22: Samsung Electro-Mechanics | V22: CL10C470JB8NNNC | W22: LCSC | X22: C1671 | Y22: Basic | Z22: GPC0603470-C0G
A23: 56P/0603/50V/C0G | B23: 56P/0603/50V/C0G | C23: CAP SM 0603 56pF 50V C0G | D23: GENERIC | E23: 0603 | F23: 56pF | G23: =Config!$B$4 -> SCH/C_IEC.SchLib | H23: C | I23: PCB/SMT_CHIP.PcbLib | J23: CAP0603_C0G | K23: 5.6e-11 | L23: https://www.yageo.com/upload/media/product/productsearch/datasheet/mlcc/UPY-GP_NP0_16V-to-50V_18.pdf | M23: YAGEO | N23: CC0603JRNPO9BN560 | O23: Digi-Key | P23: 311-1066-1-ND | Q23: YAGEO | R23: CC0603GRNPO9BN560 | S23: Digi-Key | T23: 311-3936-1-ND | Z23: GPC0603560-C0G
A24: 68P/0603/50V/C0G | B24: 68P/0603/50V/C0G | C24: CAP SM 0603 68pF 50V C0G | D24: GENERIC | E24: 0603 | F24: 68pF | G24: =Config!$B$4 -> SCH/C_IEC.SchLib | H24: C | I24: PCB/SMT_CHIP.PcbLib | J24: CAP0603_C0G | K24: 6.8e-11 | L24: https://www.yageo.com/upload/media/product/productsearch/datasheet/mlcc/UPY-GP_NP0_16V-to-50V_18.pdf | M24: YAGEO | N24: CC0603JRNPO9BN680 | O24: Digi-Key | P24: 311-1067-1-ND | Q24: YAGEO | R24: CC0603KRNPO9BN680 | S24: Digi-Key | T24: 311-4039-1-ND | Z24: GPC0603680-C0G
A25: 82P/0603/50V/C0G | B25: 82P/0603/50V/C0G | C25: CAP SM 0603 82pF 50V C0G | D25: GENERIC | E25: 0603 | F25: 82pF | G25: =Config!$B$4 -> SCH/C_IEC.SchLib | H25: C | I25: PCB/SMT_CHIP.PcbLib | J25: CAP0603_C0G | K25: 8.2e-11 | L25: https://www.yageo.com/upload/media/product/productsearch/datasheet/mlcc/UPY-GP_NP0_16V-to-50V_18.pdf | M25: YAGEO | N25: CC0603JRNPO9BN820 | O25: Digi-Key | P25: 311-1068-1-ND | Q25: YAGEO | R25: CC0603GRNPO9BN820 | S25: Digi-Key | T25: 311-3940-1-ND | Z25: GPC0603820-C0G
A26: 100P/0603/50V/C0G | B26: 100P/0603/50V/C0G | C26: CAP SM 0603 100pF 50V C0G | D26: GENERIC | E26: 0603 | F26: 100pF | G26: =Config!$B$4 -> SCH/C_IEC.SchLib | H26: C | I26: PCB/SMT_CHIP.PcbLib | J26: CAP0603_C0G | K26: 1e-10 | L26: https://www.yageo.com/upload/media/product/productsearch/datasheet/mlcc/UPY-GP_NP0_16V-to-50V_18.pdf | M26: YAGEO | N26: CC0603JRNPO9BN101 | O26: Digi-Key | P26: 311-1069-1-ND | Q26: YAGEO | R26: CC0603KRNPO9BN101 | S26: Digi-Key | T26: 311-3600-1-ND | U26: Samsung Electro-Mechanics | V26: CL10C101JB8NNNC | W26: LCSC | X26: C14858 | Y26: Basic | Z26: GPC0603101-C0G
A27: 120P/0603/50V/C0G | B27: 120P/0603/50V/C0G | C27: CAP SM 0603 120pF 50V C0G | D27: GENERIC | E27: 0603 | F27: 120pF | G27: =Config!$B$4 -> SCH/C_IEC.SchLib | H27: C | I27: PCB/SMT_CHIP.PcbLib | J27: CAP0603_C0G | K27: 1.2e-10 | L27: https://www.yageo.com/upload/media/product/productsearch/datasheet/mlcc/UPY-GP_NP0_16V-to-50V_18.pdf | M27: YAGEO | N27: CC0603JRNPO9BN121 | O27: Digi-Key | P27: 311-1070-1-ND | Q27: YAGEO | R27: CC0603GRNPO9BN121 | S27: Digi-Key | T27: 311-3918-1-ND | Z27: GPC0603121-C0G
A28: 150P/0603/50V/C0G | B28: 150P/0603/50V/C0G | C28: CAP SM 0603 150pF 50V C0G | D28: GENERIC | E28: 0603 | F28: 150pF | G28: =Config!$B$4 -> SCH/C_IEC.SchLib | H28: C | I28: PCB/SMT_CHIP.PcbLib | J28: CAP0603_C0G | K28: 1.5e-10 | L28: https://www.yageo.com/upload/media/product/productsearch/datasheet/mlcc/UPY-GP_NP0_16V-to-50V_18.pdf | M28: YAGEO | N28: CC0603JRNPO9BN151 | O28: Digi-Key | P28: 311-1071-1-ND | Q28: YAGEO | R28: CC0603KRNPO9BN151 | S28: Digi-Key | T28: 311-4029-1-ND | Z28: GPC0603151-C0G
A29: 180P/0603/50V/C0G | B29: 180P/0603/50V/C0G | C29: CAP SM 0603 180pF 50V C0G | D29: GENERIC | E29: 0603 | F29: 180pF | G29: =Config!$B$4 -> SCH/C_IEC.SchLib | H29: C | I29: PCB/SMT_CHIP.PcbLib | J29: CAP0603_C0G | K29: 1.8e-10 | L29: https://www.yageo.com/upload/media/product/productsearch/datasheet/mlcc/UPY-GP_NP0_16V-to-50V_18.pdf | M29: YAGEO | N29: CC0603JRNPO9BN181 | O29: Digi-Key | P29: 311-1072-1-ND | Q29: YAGEO | R29: CC0603GRNPO9BN181 | S29: Digi-Key | T29: 311-3923-1-ND | Z29: GPC0603181-C0G
A30: 220P/0603/50V/C0G | B30: 220P/0603/50V/C0G | C30: CAP SM 0603 220pF 50V C0G | D30: GENERIC | E30: 0603 | F30: 220pF | G30: =Config!$B$4 -> SCH/C_IEC.SchLib | H30: C | I30: PCB/SMT_CHIP.PcbLib | J30: CAP0603_C0G | K30: 2.2e-10 | L30: https://www.yageo.com/upload/media/product/productsearch/datasheet/mlcc/UPY-GP_NP0_16V-to-50V_18.pdf | M30: YAGEO | N30: CC0603JRNPO9BN221 | O30: Digi-Key | P30: 311-1073-1-ND | Q30: YAGEO | R30: CC0603KRNPO9BN221 | S30: Digi-Key | T30: 311-4031-1-ND | Z30: GPC0603221-C0G
A31: 270P/0603/50V/C0G | B31: 270P/0603/50V/C0G | C31: CAP SM 0603 270pF 50V C0G | D31: GENERIC | E31: 0603 | F31: 270pF | G31: =Config!$B$4 -> SCH/C_IEC.SchLib | H31: C | I31: PCB/SMT_CHIP.PcbLib | J31: CAP0603_C0G | K31: 2.7e-10 | L31: https://www.yageo.com/upload/media/product/productsearch/datasheet/mlcc/UPY-GP_NP0_16V-to-50V_18.pdf | M31: YAGEO | N31: CC0603JRNPO9BN271 | O31: Digi-Key | P31: 311-1074-1-ND | Q31: YAGEO | R31: CC0603KRNPO9BN271 | S31: Digi-Key | T31: 311-4033-1-ND | Z31: GPC0603271-C0G
A32: 330P/0603/50V/C0G | B32: 330P/0603/50V/C0G | C32: CAP SM 0603 330pF 50V C0G | D32: GENERIC | E32: 0603 | F32: 330pF | G32: =Config!$B$4 -> SCH/C_IEC.SchLib | H32: C | I32: PCB/SMT_CHIP.PcbLib | J32: CAP0603_C0G | K32: 3.3e-10 | L32: https://www.yageo.com/upload/media/product/productsearch/datasheet/mlcc/UPY-GP_NP0_16V-to-50V_18.pdf | M32: YAGEO | N32: CC0603JRNPO9BN331 | O32: Digi-Key | P32: 311-1075-1-ND | Q32: YAGEO | R32: CC0603KRNPO9BN331 | S32: Digi-Key | T32: 311-4035-1-ND | Z32: GPC0603331-C0G
A33: 390P/0603/50V/C0G | B33: 390P/0603/50V/C0G | C33: CAP SM 0603 390pF 50V C0G | D33: GENERIC | E33: 0603 | F33: 390pF | G33: =Config!$B$4 -> SCH/C_IEC.SchLib | H33: C | I33: PCB/SMT_CHIP.PcbLib | J33: CAP0603_C0G | K33: 3.9e-10 | L33: https://www.yageo.com/upload/media/product/productsearch/datasheet/mlcc/UPY-GP_NP0_16V-to-50V_18.pdf | M33: YAGEO | N33: CC0603JRNPO9BN391 | O33: Digi-Key | P33: 311-1076-1-ND | Q33: YAGEO | R33: CC0603KRNPO9BN391 | S33: Digi-Key | T33: 311-4036-1-ND | Z33: GPC0603391-C0G
A34: 470P/0603/50V/C0G | B34: 470P/0603/50V/C0G | C34: CAP SM 0603 470pF 50V C0G | D34: GENERIC | E34: 0603 | F34: 470pF | G34: =Config!$B$4 -> SCH/C_IEC.SchLib | H34: C | I34: PCB/SMT_CHIP.PcbLib | J34: CAP0603_C0G | K34: 4.7e-10 | L34: https://www.yageo.com/upload/media/product/productsearch/datasheet/mlcc/UPY-GP_NP0_16V-to-50V_18.pdf | M34: YAGEO | N34: CC0603JRNPO9BN471 | O34: Digi-Key | P34: 311-1520-1-ND | Q34: YAGEO | R34: CC0603KRNPO9BN471 | S34: Digi-Key | T34: 311-4038-1-ND | U34: Walsin Tech Corp | V34: MT18N471J500CT | W34: LCSC | X34: c458969 | Y34: Extended | Z34: GPC0603471-C0G
A35: 560P/0603/50V/C0G | B35: 560P/0603/50V/C0G | C35: CAP SM 0603 560pF 50V C0G | D35: GENERIC | E35: 0603 | F35: 560pF | G35: =Config!$B$4 -> SCH/C_IEC.SchLib | H35: C | I35: PCB/SMT_CHIP.PcbLib | J35: CAP0603_C0G | K35: 5.6e-10 | L35: https://www.yageo.com/upload/media/product/productsearch/datasheet/mlcc/UPY-GP_NP0_16V-to-50V_18.pdf | M35: YAGEO | N35: CC0603JRNPO9BN561 | O35: Digi-Key | P35: 311-3359-1-ND | Q35: YAGEO | R35: CC0603GRNPO9BN561 | S35: Digi-Key | T35: 311-3937-1-ND | U35: YAGEO | V35: CC0603JRNPO9BN561 | W35: LCSC | X35: C107054 | Y35: Extended | Z35: GPC0603561-C0G
A36: 680P/0603/50V/C0G | B36: 680P/0603/50V/C0G | C36: CAP SM 0603 680pF 50V C0G | D36: GENERIC | E36: 0603 | F36: 680pF | G36: =Config!$B$4 -> SCH/C_IEC.SchLib | H36: C | I36: PCB/SMT_CHIP.PcbLib | J36: CAP0603_C0G | K36: 6.8e-10 | L36: https://www.yageo.com/upload/media/product/productsearch/datasheet/mlcc/UPY-GP_NP0_16V-to-50V_18.pdf | M36: YAGEO | N36: CC0603JRNPO9BN681 | O36: Digi-Key | P36: 311-1425-1-ND | Q36: YAGEO | R36: CC0603GRNPO9BN681 | S36: Digi-Key | T36: 311-3939-1-ND | Z36: GPC0603681-C0G
A37: 820P/0603/50V/C0G | B37: 820P/0603/50V/C0G | C37: CAP SM 0603 820pF 50V C0G | D37: GENERIC | E37: 0603 | F37: 820pF | G37: =Config!$B$4 -> SCH/C_IEC.SchLib | H37: C | I37: PCB/SMT_CHIP.PcbLib | J37: CAP0603_C0G | K37: 8.2e-10 | L37: https://www.yageo.com/upload/media/product/productsearch/datasheet/mlcc/UPY-GP_NP0_16V-to-50V_18.pdf | M37: YAGEO | N37: CC0603JRNPO9BN821 | O37: Digi-Key | P37: 311-1775-1-ND | Q37: YAGEO | R37: CC0603GRNPO9BN821 | S37: Digi-Key | T37: 311-3941-1-ND | Z37: GPC0603821-C0G
A38: 1N/0603/50V/C0G | B38: 1N/0603/50V/C0G | C38: CAP SM 0603 1.0nF 50V C0G | D38: GENERIC | E38: 0603 | F38: 1.0nF | G38: =Config!$B$4 -> SCH/C_IEC.SchLib | H38: C | I38: PCB/SMT_CHIP.PcbLib | J38: CAP0603_C0G | K38: 1e-09 | L38: https://www.yageo.com/upload/media/product/productsearch/datasheet/mlcc/UPY-GP_NP0_16V-to-50V_18.pdf | M38: YAGEO | N38: CC0603JRNPO9BN102 | O38: Digi-Key | P38: 311-1423-1-ND | Q38: YAGEO | R38: CC0603KRNPO9BN102 | S38: Digi-Key | T38: 311-4026-1-ND | U38: TDK | V38: C1608C0G1H102JT000N | W38: LCSC | X38: C342541 | Y38: Extended | Z38: GPC0603102-C0G
A39: 1N2/0603/50V/C0G | B39: 1N2/0603/50V/C0G | C39: CAP SM 0603 1.2nF 50V C0G | D39: GENERIC | E39: 0603 | F39: 1.2nF | G39: =Config!$B$4 -> SCH/C_IEC.SchLib | H39: C | I39: PCB/SMT_CHIP.PcbLib | J39: CAP0603_C0G | K39: 1.2e-09 | L39: https://www.yageo.com/upload/media/product/productsearch/datasheet/mlcc/UPY-GP_NP0_16V-to-50V_18.pdf | M39: YAGEO | N39: CC0603JRNPO9BN122 | O39: Digi-Key | P39: 311-3962-1-ND | Q39: YAGEO | R39: CC0603GRNPO9BN122 | S39: Digi-Key | T39: 13-CC0603GRNPO9BN122CT-ND | Z39: GPC0603122-C0G
A40: 1N5/0603/50V/C0G | B40: 1N5/0603/50V/C0G | C40: CAP SM 0603 1.5nF 50V C0G | D40: GENERIC | E40: 0603 | F40: 1.5nF | G40: =Config!$B$4 -> SCH/C_IEC.SchLib | H40: C | I40: PCB/SMT_CHIP.PcbLib | J40: CAP0603_C0G | K40: 1.5e-09 | L40: https://www.yageo.com/upload/media/product/productsearch/datasheet/mlcc/UPY-GP_NP0_16V-to-50V_18.pdf | M40: YAGEO | N40: CC0603JRNPO9BN152 | O40: Digi-Key | P40: 311-1768-1-ND | Q40: YAGEO | R40: CC0603GRNPO9BN152 | S40: Digi-Key | T40: 13-CC0603GRNPO9BN152CT-ND | Z40: GPC0603152-C0G
A41: 1N8/0603/50V/C0G | B41: 1N8/0603/50V/C0G | C41: CAP SM 0603 1.8nF 50V C0G | D41: GENERIC | E41: 0603 | F41: 1.8nF | G41: =Config!$B$4 -> SCH/C_IEC.SchLib | H41: C | I41: PCB/SMT_CHIP.PcbLib | J41: CAP0603_C0G | K41: 1.8e-09 | L41: https://www.yageo.com/upload/media/product/productsearch/datasheet/mlcc/UPY-GP_NP0_16V-to-50V_18.pdf | M41: YAGEO | N41: CC0603JRNPO9BN182 | O41: Digi-Key | P41: 311-1769-1-ND | Z41: GPC0603182-C0G
A42: 2N2/0603/50V/C0G | B42: 2N2/0603/50V/C0G | C42: CAP SM 0603 2.2nF 50V C0G | D42: GENERIC | E42: 0603 | F42: 2.2nF | G42: =Config!$B$4 -> SCH/C_IEC.SchLib | H42: C | I42: PCB/SMT_CHIP.PcbLib | J42: CAP0603_C0G | K42: 2.2e-09 | L42: https://www.yageo.com/upload/media/product/productsearch/datasheet/mlcc/UPY-GP_NP0_16V-to-50V_18.pdf | M42: YAGEO | N42: CC0603JRNPO9BN222 | O42: Digi-Key | P42: 311-1771-1-ND | Q42: YAGEO | R42: CC0603FRNPO9BN222 | S42: Digi-Key | T42: 13-CC0603FRNPO9BN222CT-ND | Z42: GPC0603222-C0G
A43: 2N7/0603/50V/C0G | B43: 2N7/0603/50V/C0G | C43: CAP SM 0603 2.7nF 50V C0G | D43: GENERIC | E43: 0603 | F43: 2.7nF | G43: =Config!$B$4 -> SCH/C_IEC.SchLib | H43: C | I43: PCB/SMT_CHIP.PcbLib | J43: CAP0603_C0G | K43: 2.7e-09 | L43: https://www.yageo.com/upload/media/product/productsearch/datasheet/mlcc/UPY-GP_NP0_16V-to-50V_18.pdf | M43: YAGEO | N43: CC0603JRNPO9BN272 | O43: Digi-Key | P43: 311-1773-1-ND | Q43: YAGEO | R43: CC0603GRNPO9BN272 | S43: Digi-Key | T43: 13-CC0603GRNPO9BN272CT-ND | U43: TDK | V43: CGA3E2C0G1H272JT0Y0N | W43: LCSC | X43: C694497 | Y43: Extended | Z43: GPC0603272-C0G
A44: 3N3/0603/50V/C0G | B44: 3N3/0603/50V/C0G | C44: CAP SM 0603 3.3nF 50V C0G | D44: GENERIC | E44: 0603 | F44: 3.3nF | G44: =Config!$B$4 -> SCH/C_IEC.SchLib | H44: C | I44: PCB/SMT_CHIP.PcbLib | J44: CAP0603_C0G | K44: 3.3e-09 | L44: https://www.yageo.com/upload/media/product/productsearch/datasheet/mlcc/UPY-GP_NP0_16V-to-50V_18.pdf | M44: YAGEO | N44: CC0603JRNPO9BN332 | O44: Digi-Key | P44: 311-3968-1-ND | Q44: YAGEO | R44: CC0603FRNPO9BN332 | S44: Digi-Key | T44: 13-CC0603FRNPO9BN332CT-ND | Z44: GPC0603332-C0G
A45: 3N9/0603/50V/C0G | B45: 3N9/0603/50V/C0G | C45: CAP SM 0603 3.9nF 50V C0G | D45: GENERIC | E45: 0603 | F45: 3.9nF | G45: =Config!$B$4 -> SCH/C_IEC.SchLib | H45: C | I45: PCB/SMT_CHIP.PcbLib | J45: CAP0603_C0G | K45: 3.9e-09 | L45: https://www.yageo.com/upload/media/product/productsearch/datasheet/mlcc/UPY-GP_NP0_16V-to-50V_18.pdf | M45: YAGEO | N45: CC0603JRNPO9BN392 | O45: Digi-Key | P45: 13-CC0603JRNPO9BN392CT-ND | Z45: GPC0603392-C0G
A46: 4N7/0603/50V/C0G | B46: 4N7/0603/50V/C0G | C46: CAP SM 0603 4.7nF 50V C0G | D46: GENERIC | E46: 0603 | F46: 4.7nF | G46: =Config!$B$4 -> SCH/C_IEC.SchLib | H46: C | I46: PCB/SMT_CHIP.PcbLib | J46: CAP0603_C0G | K46: 4.7e-09 | L46: https://www.yageo.com/upload/media/product/productsearch/datasheet/mlcc/UPY-GP_NP0_16V-to-50V_18.pdf | M46: YAGEO | N46: CC0603JRNPO9BN472 | O46: Digi-Key | P46: 13-CC0603JRNPO9BN472CT-ND | Z46: GPC0603472-C0G
A47: 6N8/0603/50V/C0G | B47: 6N8/0603/50V/C0G | C47: CAP SM 0603 6.8nF 50V C0G | D47: GENERIC | E47: 0603 | F47: 6.8nF | G47: =Config!$B$4 -> SCH/C_IEC.SchLib | H47: C | I47: PCB/SMT_CHIP.PcbLib | J47: CAP0603_C0G | K47: 6.8e-09 | L47: https://www.yageo.com/upload/media/product/productsearch/datasheet/mlcc/UPY-GP_NP0_16V-to-50V_18.pdf | M47: YAGEO | N47: CC0603JRNPO9BN682 | O47: Digi-Key | P47: 13-CC0603JRNPO9BN682CT-ND | Z47: GPC0603682-C0G
A48: 10N/0603/50V/C0G | B48: 10N/0603/50V/C0G | C48: CAP SM 0603 10nF 50V C0G | D48: GENERIC | E48: 0603 | F48: 10nF | G48: =Config!$B$4 -> SCH/C_IEC.SchLib | H48: C | I48: PCB/SMT_CHIP.PcbLib | J48: CAP0603_C0G | K48: 1e-08 | L48: https://www.yageo.com/upload/media/product/productsearch/datasheet/mlcc/UPY-GP_NP0_16V-to-50V_18.pdf | M48: YAGEO | N48: CC0603JRNPO9BN103 | O48: Digi-Key | P48: 311-3960-1-ND | U48: TDK | V48: C1608C0G1H103JT000N | W48: LCSC | X48: C76599 | Y48: Extended | Z48: GPC0603103-C0G
A49: 100P/0603/50V/X7R | B49: 100P/0603/50V/X7R | C49: CAP SM 0603 100pF 50V X7R | D49: GENERIC | E49: 0603 | F49: 100pF | G49: =Config!$B$4 -> SCH/C_IEC.SchLib | H49: C | I49: PCB/SMT_CHIP.PcbLib | J49: CAP0603_X7R | K49: 1e-10 | L49: https://www.yageo.com/upload/media/product/app/datasheet/mlcc/upy-gphc_x7r_6_3v-to-250v.pdf | M49: YAGEO | N49: CC0603KPX7R9BB101 | O49: Digi-Key | P49: 13-CC0603KPX7R9BB101CT-ND | Q49: YAGEO | R49: CC0603KRX7R9BB101 | S49: Digi-Key | T49: 311-3601-1-ND | Z49: ="GPC"&E49&RIGHT(N49,3) -> GPC0603101
A50: 120P/0603/50V/X7R | B50: 120P/0603/50V/X7R | C50: CAP SM 0603 120pF 50V X7R | D50: GENERIC | E50: 0603 | F50: 120pF | G50: =Config!$B$4 -> SCH/C_IEC.SchLib | H50: C | I50: PCB/SMT_CHIP.PcbLib | J50: CAP0603_X7R | K50: 1.2e-10 | L50: https://www.yageo.com/upload/media/product/app/datasheet/mlcc/upy-gphc_x7r_6_3v-to-250v.pdf | M50: YAGEO | N50: CC0603KRX7R9BB121 | O50: Digi-Key | P50: 311-4094-1-ND | Z50: ="GPC"&E50&RIGHT(N50,3) -> GPC0603121
A51: 150P/0603/50V/X7R | B51: 150P/0603/50V/X7R | C51: CAP SM 0603 150pF 50V X7R | D51: GENERIC | E51: 0603 | F51: 150pF | G51: =Config!$B$4 -> SCH/C_IEC.SchLib | H51: C | I51: PCB/SMT_CHIP.PcbLib | J51: CAP0603_X7R | K51: 1.5e-10 | L51: https://www.yageo.com/upload/media/product/app/datasheet/mlcc/upy-gphc_x7r_6_3v-to-250v.pdf | M51: YAGEO | N51: CC0603KRX7R9BB151 | O51: Digi-Key | P51: 311-4095-1-ND | Q51: YAGEO | R51: CC0603JRX7R9BB151 | S51: Digi-Key | T51: 13-CC0603JRX7R9BB151CT-ND | Z51: ="GPC"&E51&RIGHT(N51,3) -> GPC0603151
A52: 180P/0603/50V/X7R | B52: 180P/0603/50V/X7R | C52: CAP SM 0603 180pF 50V X7R | D52: GENERIC | E52: 0603 | F52: 180pF | G52: =Config!$B$4 -> SCH/C_IEC.SchLib | H52: C | I52: PCB/SMT_CHIP.PcbLib | J52: CAP0603_X7R | K52: 1.8e-10 | L52: https://www.yageo.com/upload/media/product/app/datasheet/mlcc/upy-gphc_x7r_6_3v-to-250v.pdf | M52: YAGEO | N52: CC0603KRX7R9BB181 | O52: Digi-Key | P52: 311-4096-1-ND | Q52: YAGEO | R52: CC0603JRX7R9BB181 | S52: Digi-Key | T52: 13-CC0603JRX7R9BB181CT-ND | Z52: ="GPC"&E52&RIGHT(N52,3) -> GPC0603181
A53: 220P/0603/50V/X7R | B53: 220P/0603/50V/X7R | C53: CAP SM 0603 220pF 50V X7R | D53: GENERIC | E53: 0603 | F53: 220pF | G53: =Config!$B$4 -> SCH/C_IEC.SchLib | H53: C | I53: PCB/SMT_CHIP.PcbLib | J53: CAP0603_X7R | K53: 2.2e-10 | L53: https://www.yageo.com/upload/media/product/app/datasheet/mlcc/upy-gphc_x7r_6_3v-to-250v.pdf | M53: YAGEO | N53: CC0603KPX7R9BB221 | O53: Digi-Key | P53: 13-CC0603KPX7R9BB221CT-ND | Q53: YAGEO | R53: CC0603KRX7R9BB221 | S53: Digi-Key | T53: 311-1077-1-ND | Z53: ="GPC"&E53&RIGHT(N53,3) -> GPC0603221
A54: 270P/0603/50V/X7R | B54: 270P/0603/50V/X7R | C54: CAP SM 0603 270pF 50V X7R | D54: GENERIC | E54: 0603 | F54: 270pF | G54: =Config!$B$4 -> SCH/C_IEC.SchLib | H54: C | I54: PCB/SMT_CHIP.PcbLib | J54: CAP0603_X7R | K54: 2.7e-10 | L54: https://www.yageo.com/upload/media/product/app/datasheet/mlcc/upy-gphc_x7r_6_3v-to-250v.pdf | M54: YAGEO | N54: CC0603KRX7R9BB271 | O54: Digi-Key | P54: 311-1185-1-ND | Q54: YAGEO | R54: CC0603JRX7R9BB271 | S54: Digi-Key | T54: 13-CC0603JRX7R9BB271CT-ND | Z54: ="GPC"&E54&RIGHT(N54,3) -> GPC0603271
A55: 330P/0603/50V/X7R | B55: 330P/0603/50V/X7R | C55: CAP SM 0603 330pF 50V X7R | D55: GENERIC | E55: 0603 | F55: 330pF | G55: =Config!$B$4 -> SCH/C_IEC.SchLib | H55: C | I55: PCB/SMT_CHIP.PcbLib | J55: CAP0603_X7R | K55: 3.3e-10 | L55: https://www.yageo.com/upload/media/product/app/datasheet/mlcc/upy-gphc_x7r_6_3v-to-250v.pdf | M55: YAGEO | N55: CC0603KPX7R9BB331 | O55: Digi-Key | P55: 13-CC0603KPX7R9BB331CT-ND | Q55: YAGEO | R55: CC0603KRX7R9BB331 | S55: Digi-Key | T55: 311-1186-1-ND | Z55: ="GPC"&E55&RIGHT(N55,3) -> GPC0603331
A56: 390P/0603/50V/X7R | B56: 390P/0603/50V/X7R | C56: CAP SM 0603 390pF 50V X7R | D56: GENERIC | E56: 0603 | F56: 390pF | G56: =Config!$B$4 -> SCH/C_IEC.SchLib | H56: C | I56: PCB/SMT_CHIP.PcbLib | J56: CAP0603_X7R | K56: 3.9e-10 | L56: https://www.yageo.com/upload/media/product/app/datasheet/mlcc/upy-gphc_x7r_6_3v-to-250v.pdf | M56: YAGEO | N56: CC0603KPX7R9BB391 | O56: Digi-Key | P56: 13-CC0603KPX7R9BB391CT-ND | Q56: YAGEO | R56: CC0603KRX7R9BB391 | S56: Digi-Key | T56: 311-1187-1-ND | Z56: ="GPC"&E56&RIGHT(N56,3) -> GPC0603391
A57: 470P/0603/50V/X7R | B57: 470P/0603/50V/X7R | C57: CAP SM 0603 470pF 50V X7R | D57: GENERIC | E57: 0603 | F57: 470pF | G57: =Config!$B$4 -> SCH/C_IEC.SchLib | H57: C | I57: PCB/SMT_CHIP.PcbLib | J57: CAP0603_X7R | K57: 4.7e-10 | L57: https://www.yageo.com/upload/media/product/app/datasheet/mlcc/upy-gphc_x7r_6_3v-to-250v.pdf | M57: YAGEO | N57: CC0603KPX7R9BB471 | O57: Digi-Key | P57: 13-CC0603KPX7R9BB471CT-ND | Q57: YAGEO | R57: CC0603KRX7R9BB471 | S57: Digi-Key | T57: 311-1078-1-ND | U57: FH (Guangdong Fenghua Advanced Tech) | V57: 0603B471K500NT | W57: LCSC | X57: C1620 | Y57: Basic | Z57: ="GPC"&E57&RIGHT(N57,3) -> GPC0603471
A58: 560P/0603/50V/X7R | B58: 560P/0603/50V/X7R | C58: CAP SM 0603 560pF 50V X7R | D58: GENERIC | E58: 0603 | F58: 560pF | G58: =Config!$B$4 -> SCH/C_IEC.SchLib | H58: C | I58: PCB/SMT_CHIP.PcbLib | J58: CAP0603_X7R | K58: 5.6e-10 | L58: https://www.yageo.com/upload/media/product/app/datasheet/mlcc/upy-gphc_x7r_6_3v-to-250v.pdf | M58: YAGEO | N58: CC0603KPX7R9BB561 | O58: Digi-Key | P58: 13-CC0603KPX7R9BB561CT-ND | Q58: YAGEO | R58: CC0603KRX7R9BB561 | S58: Digi-Key | T58: 311-1079-1-ND | Z58: ="GPC"&E58&RIGHT(N58,3) -> GPC0603561
A59: 680P/0603/50V/X7R | B59: 680P/0603/50V/X7R | C59: CAP SM 0603 680pF 50V X7R | D59: GENERIC | E59: 0603 | F59: 680pF | G59: =Config!$B$4 -> SCH/C_IEC.SchLib | H59: C | I59: PCB/SMT_CHIP.PcbLib | J59: CAP0603_X7R | K59: 6.8e-10 | L59: https://www.yageo.com/upload/media/product/app/datasheet/mlcc/upy-gphc_x7r_6_3v-to-250v.pdf | M59: YAGEO | N59: CC0603KPX7R9BB681 | O59: Digi-Key | P59: 13-CC0603KPX7R9BB681CT-ND | Q59: YAGEO | R59: CC0603KRX7R9BB681 | S59: Digi-Key | T59: 311-1188-1-ND | Z59: ="GPC"&E59&RIGHT(N59,3) -> GPC0603681
A60: 820P/0603/50V/X7R | B60: 820P/0603/50V/X7R | C60: CAP SM 0603 820pF 50V X7R | D60: GENERIC | E60: 0603 | F60: 820pF | G60: =Config!$B$4 -> SCH/C_IEC.SchLib | H60: C | I60: PCB/SMT_CHIP.PcbLib | J60: CAP0603_X7R | K60: 8.2e-10 | L60: https://www.yageo.com/upload/media/product/app/datasheet/mlcc/upy-gphc_x7r_6_3v-to-250v.pdf | M60: YAGEO | N60: CC0603KRX7R9BB821 | O60: Digi-Key | P60: 311-1189-1-ND | Q60: YAGEO | R60: CC0603JRX7R9BB821 | S60: Digi-Key | T60: 311-4023-1-ND | Z60: ="GPC"&E60&RIGHT(N60,3) -> GPC0603821
A61: 1N/0603/50V/X7R | B61: 1N/0603/50V/X7R | C61: CAP SM 0603 1.0nF 50V X7R | D61: GENERIC | E61: 0603 | F61: 1.0nF | G61: =Config!$B$4 -> SCH/C_IEC.SchLib | H61: C | I61: PCB/SMT_CHIP.PcbLib | J61: CAP0603_X7R | K61: 1e-09 | L61: https://www.yageo.com/upload/media/product/app/datasheet/mlcc/upy-gphc_x7r_6_3v-to-250v.pdf | M61: YAGEO | N61: CC0603KPX7R9BB102 | O61: Digi-Key | P61: 13-CC0603KPX7R9BB102CT-ND | Q61: YAGEO | R61: CC0603KRX7R9BB102 | S61: Digi-Key | T61: 311-1080-1-ND | U61: Samsung Electro-Mechanics | V61: CL10B102KB8NNNC | W61: LCSC | X61: C1588 | Y61: Basic | Z61: ="GPC"&E61&RIGHT(N61,3) -> GPC0603102
A62: 1N2/0603/50V/X7R | B62: 1N2/0603/50V/X7R | C62: CAP SM 0603 1.2nF 50V X7R | D62: GENERIC | E62: 0603 | F62: 1.2nF | G62: =Config!$B$4 -> SCH/C_IEC.SchLib | H62: C | I62: PCB/SMT_CHIP.PcbLib | J62: CAP0603_X7R | K62: 1.2e-09 | L62: https://www.yageo.com/upload/media/product/app/datasheet/mlcc/upy-gphc_x7r_6_3v-to-250v.pdf | M62: YAGEO | N62: CC0603KPX7R9BB122 | O62: Digi-Key | P62: 13-CC0603KPX7R9BB122CT-ND | Q62: YAGEO | R62: CC0603KRX7R9BB122 | S62: Digi-Key | T62: 311-1806-1-ND | Z62: ="GPC"&E62&RIGHT(N62,3) -> GPC0603122
A63: 1N5/0603/50V/X7R | B63: 1N5/0603/50V/X7R | C63: CAP SM 0603 1.5nF 50V X7R | D63: GENERIC | E63: 0603 | F63: 1.5nF | G63: =Config!$B$4 -> SCH/C_IEC.SchLib | H63: C | I63: PCB/SMT_CHIP.PcbLib | J63: CAP0603_X7R | K63: 1.5e-09 | L63: https://www.yageo.com/upload/media/product/app/datasheet/mlcc/upy-gphc_x7r_6_3v-to-250v.pdf | M63: YAGEO | N63: CC0603KRX7R9BB152 | O63: Digi-Key | P63: 311-1184-1-ND | Q63: YAGEO | R63: CC0603JRX7R9BB152 | S63: Digi-Key | T63: 311-4006-1-ND | Z63: ="GPC"&E63&RIGHT(N63,3) -> GPC0603152
A64: 1N8/0603/50V/X7R | B64: 1N8/0603/50V/X7R | C64: CAP SM 0603 1.8nF 50V X7R | D64: GENERIC | E64: 0603 | F64: 1.8nF | G64: =Config!$B$4 -> SCH/C_IEC.SchLib | H64: C | I64: PCB/SMT_CHIP.PcbLib | J64: CAP0603_X7R | K64: 1.8e-09 | L64: https://www.yageo.com/upload/media/product/app/datasheet/mlcc/upy-gphc_x7r_6_3v-to-250v.pdf | M64: YAGEO | N64: CC0603KRX7R9BB182 | O64: Digi-Key | P64: 311-3373-1-ND | Q64: YAGEO | R64: CC0603JRX7R9BB182 | S64: Digi-Key | T64: 311-4007-1-ND | Z64: ="GPC"&E64&RIGHT(N64,3) -> GPC0603182
A65: 2N2/0603/50V/X7R | B65: 2N2/0603/50V/X7R | C65: CAP SM 0603 2.2nF 50V X7R | D65: GENERIC | E65: 0603 | F65: 2.2nF | G65: =Config!$B$4 -> SCH/C_IEC.SchLib | H65: C | I65: PCB/SMT_CHIP.PcbLib | J65: CAP0603_X7R | K65: 2.2e-09 | L65: https://www.yageo.com/upload/media/product/app/datasheet/mlcc/upy-gphc_x7r_6_3v-to-250v.pdf | M65: YAGEO | N65: CC0603KPX7R9BB222 | O65: Digi-Key | P65: 13-CC0603KPX7R9BB222CT-ND | Q65: YAGEO | R65: CC0603KRX7R9BB222 | S65: Digi-Key | T65: 311-1081-1-ND | U65: FH (Guangdong Fenghua Advanced Tech) | V65: 0603B222K500NT | W65: LCSC | X65: C1604 | Y65: Basic | Z65: ="GPC"&E65&RIGHT(N65,3) -> GPC0603222
A66: 2N7/0603/50V/X7R | B66: 2N7/0603/50V/X7R | C66: CAP SM 0603 2.7nF 50V X7R | D66: GENERIC | E66: 0603 | F66: 2.7nF | G66: =Config!$B$4 -> SCH/C_IEC.SchLib | H66: C | I66: PCB/SMT_CHIP.PcbLib | J66: CAP0603_X7R | K66: 2.7e-09 | L66: https://www.yageo.com/upload/media/product/app/datasheet/mlcc/upy-gphc_x7r_6_3v-to-250v.pdf | M66: YAGEO | N66: CC0603KRX7R9BB272 | O66: Digi-Key | P66: 311-1809-1-ND | Q66: YAGEO | R66: CC0603JRX7R9BB272 | S66: Digi-Key | T66: 311-4011-1-ND | Z66: ="GPC"&E66&RIGHT(N66,3) -> GPC0603272
A67: 3N3/0603/50V/X7R | B67: 3N3/0603/50V/X7R | C67: CAP SM 0603 3.3nF 50V X7R | D67: GENERIC | E67: 0603 | F67: 3.3nF | G67: =Config!$B$4 -> SCH/C_IEC.SchLib | H67: C | I67: PCB/SMT_CHIP.PcbLib | J67: CAP0603_X7R | K67: 3.3e-09 | L67: https://www.yageo.com/upload/media/product/app/datasheet/mlcc/upy-gphc_x7r_6_3v-to-250v.pdf | M67: YAGEO | N67: CC0603KPX7R9BB332 | O67: Digi-Key | P67: 13-CC0603KPX7R9BB332CT-ND | Q67: YAGEO | R67: CC0603KRX7R9BB332 | S67: Digi-Key | T67: 311-1082-1-ND | Z67: ="GPC"&E67&RIGHT(N67,3) -> GPC0603332
A68: 3N9/0603/50V/X7R | B68: 3N9/0603/50V/X7R | C68: CAP SM 0603 3.9nF 50V X7R | D68: GENERIC | E68: 0603 | F68: 3.9nF | G68: =Config!$B$4 -> SCH/C_IEC.SchLib | H68: C | I68: PCB/SMT_CHIP.PcbLib | J68: CAP0603_X7R | K68: 3.9e-09 | L68: https://www.yageo.com/upload/media/product/app/datasheet/mlcc/upy-gphc_x7r_6_3v-to-250v.pdf | M68: YAGEO | N68: CC0603KRX7R9BB392 | O68: Digi-Key | P68: 311-3630-1-ND | Q68: YAGEO | R68: CC0603JRX7R9BB392 | S68: Digi-Key | T68: 311-4017-1-ND | Z68: ="GPC"&E68&RIGHT(N68,3) -> GPC0603392
A69: 4N7/0603/50V/X7R | B69: 4N7/0603/50V/X7R | C69: CAP SM 0603 4.7nF 50V X7R | D69: GENERIC | E69: 0603 | F69: 4.7nF | G69: =Config!$B$4 -> SCH/C_IEC.SchLib | H69: C | I69: PCB/SMT_CHIP.PcbLib | J69: CAP0603_X7R | K69: 4.7e-09 | L69: https://www.yageo.com/upload/media/product/app/datasheet/mlcc/upy-gphc_x7r_6_3v-to-250v.pdf | M69: YAGEO | N69: CC0603KPX7R9BB472 | O69: Digi-Key | P69: 13-CC0603KPX7R9BB472CT-ND | Q69: YAGEO | R69: CC0603KRX7R9BB472 | S69: Digi-Key | T69: 311-1083-1-ND | Z69: ="GPC"&E69&RIGHT(N69,3) -> GPC0603472
A70: 5N6/0603/50V/X7R | B70: 5N6/0603/50V/X7R | C70: CAP SM 0603 5.6nF 50V X7R | D70: GENERIC | E70: 0603 | F70: 5.6nF | G70: =Config!$B$4 -> SCH/C_IEC.SchLib | H70: C | I70: PCB/SMT_CHIP.PcbLib | J70: CAP0603_X7R | K70: 5.6e-09 | L70: https://www.yageo.com/upload/media/product/app/datasheet/mlcc/upy-gphc_x7r_6_3v-to-250v.pdf | M70: YAGEO | N70: CC0603KRX7R9BB562 | O70: Digi-Key | P70: 311-1810-1-ND | Q70: YAGEO | R70: CC0603JRX7R9BB562 | S70: Digi-Key | T70: 311-4021-1-ND | Z70: ="GPC"&E70&RIGHT(N70,3) -> GPC0603562
A71: 6N8/0603/50V/X7R | B71: 6N8/0603/50V/X7R | C71: CAP SM 0603 6.8nF 50V X7R | D71: GENERIC | E71: 0603 | F71: 6.8nF | G71: =Config!$B$4 -> SCH/C_IEC.SchLib | H71: C | I71: PCB/SMT_CHIP.PcbLib | J71: CAP0603_X7R | K71: 6.8e-09 | L71: https://www.yageo.com/upload/media/product/app/datasheet/mlcc/upy-gphc_x7r_6_3v-to-250v.pdf | M71: YAGEO | N71: CC0603KPX7R9BB682 | O71: Digi-Key | P71: 13-CC0603KPX7R9BB682CT-ND | Q71: YAGEO | R71: CC0603KRX7R9BB682 | S71: Digi-Key | T71: 311-1084-1-ND | U71: FH | V71: 0603B682K500NT | W71: LCSC | X71: C1631 | Y71: Basic | Z71: ="GPC"&E71&RIGHT(N71,3) -> GPC0603682
A72: 8N2/0603/50V/X7R | B72: 8N2/0603/50V/X7R | C72: CAP SM 0603 8.2nF 50V X7R | D72: GENERIC | E72: 0603 | F72: 8.2nF | G72: =Config!$B$4 -> SCH/C_IEC.SchLib | H72: C | I72: PCB/SMT_CHIP.PcbLib | J72: CAP0603_X7R | K72: 8.2e-09 | L72: https://www.yageo.com/upload/media/product/app/datasheet/mlcc/upy-gphc_x7r_6_3v-to-250v.pdf | M72: YAGEO | N72: CC0603KPX7R9BB822 | O72: Digi-Key | P72: 13-CC0603KPX7R9BB822CT-ND | Q72: YAGEO | R72: CC0603KRX7R9BB822 | S72: Digi-Key | T72: 311-1811-1-ND | Z72: ="GPC"&E72&RIGHT(N72,3) -> GPC0603822
A73: 10N/0603/50V/X7R | B73: 10N/0603/50V/X7R | C73: CAP SM 0603 10nF 50V X7R | D73: GENERIC | E73: 0603 | F73: 10nF | G73: =Config!$B$4 -> SCH/C_IEC.SchLib | H73: C | I73: PCB/SMT_CHIP.PcbLib | J73: CAP0603_X7R | K73: 1e-08 | L73: https://www.yageo.com/upload/media/product/app/datasheet/mlcc/upy-gphc_x7r_6_3v-to-250v.pdf | M73: YAGEO | N73: CC0603KPX7R9BB103 | O73: Digi-Key | P73: 311-1572-1-ND | Q73: YAGEO | R73: CC0603KRX7R9BB103 | S73: Digi-Key | T73: 311-1085-1-ND | U73: YAGEO | V73: CC0603KRX7R9BB103 | W73: LCSC | X73: C100042 | Z73: ="GPC"&E73&RIGHT(N73,3) -> GPC0603103
A74: 12N/0603/50V/X7R | B74: 12N/0603/50V/X7R | C74: CAP SM 0603 12nF 50V X7R | D74: GENERIC | E74: 0603 | F74: 12nF | G74: =Config!$B$4 -> SCH/C_IEC.SchLib | H74: C | I74: PCB/SMT_CHIP.PcbLib | J74: CAP0603_X7R | K74: 1.2e-08 | L74: https://www.yageo.com/upload/media/product/app/datasheet/mlcc/upy-gphc_x7r_6_3v-to-250v.pdf | M74: YAGEO | N74: CC0603KRX7R9BB123 | O74: Digi-Key | P74: 311-1807-1-ND | Q74: YAGEO | R74: CC0603JRX7R9BB123 | S74: Digi-Key | T74: 311-4005-1-ND | Z74: ="GPC"&E74&RIGHT(N74,3) -> GPC0603123
A75: 15N/0603/50V/X7R | B75: 15N/0603/50V/X7R | C75: CAP SM 0603 15nF 50V X7R | D75: GENERIC | E75: 0603 | F75: 15nF | G75: =Config!$B$4 -> SCH/C_IEC.SchLib | H75: C | I75: PCB/SMT_CHIP.PcbLib | J75: CAP0603_X7R | K75: 1.5e-08 | L75: https://www.yageo.com/upload/media/product/app/datasheet/mlcc/upy-gphc_x7r_6_3v-to-250v.pdf | M75: YAGEO | N75: CC0603KPX7R9BB153 | O75: Digi-Key | P75: 13-CC0603KPX7R9BB153CT-ND | Q75: YAGEO | R75: CC0603KRX7R9BB153 | S75: Digi-Key | T75: 311-1430-1-ND | Z75: ="GPC"&E75&RIGHT(N75,3) -> GPC0603153
A76: 18N/0603/50V/X7R | B76: 18N/0603/50V/X7R | C76: CAP SM 0603 18nF 50V X7R | D76: GENERIC | E76: 0603 | F76: 18nF | G76: =Config!$B$4 -> SCH/C_IEC.SchLib | H76: C | I76: PCB/SMT_CHIP.PcbLib | J76: CAP0603_X7R | K76: 1.8e-08 | L76: https://www.yageo.com/upload/media/product/app/datasheet/mlcc/upy-gphc_x7r_6_3v-to-250v.pdf | M76: YAGEO | N76: CC0603KRX7R9BB183 | O76: Digi-Key | P76: 311-1808-1-ND | Q76: YAGEO | R76: CC0603JRX7R9BB183 | S76: Digi-Key | T76: 311-4008-1-ND | Z76: ="GPC"&E76&RIGHT(N76,3) -> GPC0603183
A77: 22N/0603/50V/X7R | B77: 22N/0603/50V/X7R | C77: CAP SM 0603 22nF 50V X7R | D77: GENERIC | E77: 0603 | F77: 22nF | G77: =Config!$B$4 -> SCH/C_IEC.SchLib | H77: C | I77: PCB/SMT_CHIP.PcbLib | J77: CAP0603_X7R | K77: 2.2e-08 | L77: https://www.yageo.com/upload/media/product/app/datasheet/mlcc/upy-gphc_x7r_6_3v-to-250v.pdf | M77: YAGEO | N77: CC0603KPX7R9BB223 | O77: Digi-Key | P77: 13-CC0603KPX7R9BB223CT-ND | Q77: YAGEO | R77: CC0603KRX7R9BB223 | S77: Digi-Key | T77: 311-1370-1-ND | U77: Walsin Tech Corp | V77: 0603B223K101CT | W77: LCSC | X77: C388010 | Y77: Basic | Z77: ="GPC"&E77&RIGHT(N77,3) -> GPC0603223
A78: 27N/0603/50V/X7R | B78: 27N/0603/50V/X7R | C78: CAP SM 0603 27nF 50V X7R | D78: GENERIC | E78: 0603 | F78: 27nF | G78: =Config!$B$4 -> SCH/C_IEC.SchLib | H78: C | I78: PCB/SMT_CHIP.PcbLib | J78: CAP0603_X7R | K78: 2.7e-08 | L78: https://www.yageo.com/upload/media/product/app/datasheet/mlcc/upy-gphc_x7r_6_3v-to-250v.pdf | M78: YAGEO | N78: CC0603KPX7R9BB273 | O78: Digi-Key | P78: 13-CC0603KPX7R9BB273CT-ND | Q78: YAGEO | R78: CC0603KRX7R9BB273 | S78: Digi-Key | T78: 311-3375-1-ND | Z78: ="GPC"&E78&RIGHT(N78,3) -> GPC0603273
A79: 33N/0603/50V/X7R | B79: 33N/0603/50V/X7R | C79: CAP SM 0603 33nF 50V X7R | D79: GENERIC | E79: 0603 | F79: 33nF | G79: =Config!$B$4 -> SCH/C_IEC.SchLib | H79: C | I79: PCB/SMT_CHIP.PcbLib | J79: CAP0603_X7R | K79: 3.3e-08 | L79: https://www.yageo.com/upload/media/product/app/datasheet/mlcc/upy-gphc_x7r_6_3v-to-250v.pdf | M79: YAGEO | N79: CC0603KRX7R9BB333 | O79: Digi-Key | P79: 311-1429-1-ND | Q79: YAGEO | R79: CC0603JRX7R9BB333 | S79: Digi-Key | T79: 311-4015-1-ND | Z79: ="GPC"&E79&RIGHT(N79,3) -> GPC0603333
A80: 39N/0603/50V/X7R | B80: 39N/0603/50V/X7R | C80: CAP SM 0603 39nF 50V X7R | D80: GENERIC | E80: 0603 | F80: 39nF | G80: =Config!$B$4 -> SCH/C_IEC.SchLib | H80: C | I80: PCB/SMT_CHIP.PcbLib | J80: CAP0603_X7R | K80: 3.9e-08 | L80: https://www.yageo.com/upload/media/product/app/datasheet/mlcc/upy-gphc_x7r_6_3v-to-250v.pdf | M80: YAGEO | N80: CC0603JRX7R9BB393 | O80: Digi-Key | P80: 13-CC0603JRX7R9BB393CT-ND | Q80: YAGEO | R80: CC0603KRX7R9BB393 | S80: Digi-Key | T80: 311-3551-1-ND | Z80: ="GPC"&E80&RIGHT(N80,3) -> GPC0603393
A81: 47N/0603/50V/X7R | B81: 47N/0603/50V/X7R | C81: CAP SM 0603 47nF 50V X7R | D81: GENERIC | E81: 0603 | F81: 47nF | G81: =Config!$B$4 -> SCH/C_IEC.SchLib | H81: C | I81: PCB/SMT_CHIP.PcbLib | J81: CAP0603_X7R | K81: 4.7e-08 | L81: https://www.yageo.com/upload/media/product/app/datasheet/mlcc/upy-gphc_x7r_6_3v-to-250v.pdf | M81: YAGEO | N81: CC0603KPX7R9BB473 | O81: Digi-Key | P81: 13-CC0603KPX7R9BB473CT-ND | Q81: YAGEO | R81: CC0603KRX7R9BB473 | S81: Digi-Key | T81: 311-1427-1-ND | Z81: ="GPC"&E81&RIGHT(N81,3) -> GPC0603473
A82: 56N/0603/50V/X7R | B82: 56N/0603/50V/X7R | C82: CAP SM 0603 56nF 50V X7R | D82: GENERIC | E82: 0603 | F82: 56nF | G82: =Config!$B$4 -> SCH/C_IEC.SchLib | H82: C | I82: PCB/SMT_CHIP.PcbLib | J82: CAP0603_X7R | K82: 5.6e-08 | L82: https://www.yageo.com/upload/media/product/app/datasheet/mlcc/upy-gphc_x7r_6_3v-to-250v.pdf | M82: YAGEO | N82: CC0603KRX7R9BB563 | O82: Digi-Key | P82: 311-4100-1-ND | Z82: ="GPC"&E82&RIGHT(N82,3) -> GPC0603563
A83: 68N/0603/50V/X7R | B83: 68N/0603/50V/X7R | C83: CAP SM 0603 68nF 50V X7R | D83: GENERIC | E83: 0603 | F83: 68nF | G83: =Config!$B$4 -> SCH/C_IEC.SchLib | H83: C | I83: PCB/SMT_CHIP.PcbLib | J83: CAP0603_X7R | K83: 6.8e-08 | L83: https://www.yageo.com/upload/media/product/productsearch/datasheet/mlcc/UPY-GPHC_X7R_6.3V-to-250V_23.pdf | M83: YAGEO | N83: CC0603KPX7R9BB683 | O83: Digi-Key | P83: 13-CC0603KPX7R9BB683CT-ND | Q83: YAGEO | R83: CC0603KRX7R9BB683 | S83: Digi-Key | T83: 311-3376-1-ND | Z83: ="GPC"&E83&RIGHT(N83,3) -> GPC0603683
A84: 82N/0603/50V/X7R | B84: 82N/0603/50V/X7R | C84: CAP SM 0603 82nF 50V X7R | D84: GENERIC | E84: 0603 | F84: 82nF | G84: =Config!$B$4 -> SCH/C_IEC.SchLib | H84: C | I84: PCB/SMT_CHIP.PcbLib | J84: CAP0603_X7R | K84: 8.2e-08 | L84: https://www.yageo.com/upload/media/product/app/datasheet/mlcc/upy-gphc_x7r_6_3v-to-250v.pdf | M84: YAGEO | N84: CC0603KPX7R9BB823 | O84: Digi-Key | P84: 13-CC0603KPX7R9BB823CT-ND | Q84: YAGEO | R84: CC0603KRX7R9BB823 | S84: Digi-Key | T84: 311-4102-1-ND | Z84: ="GPC"&E84&RIGHT(N84,3) -> GPC0603823
A85: 100N/0603/50V/X7R | B85: 100N/0603/50V/X7R | C85: CAP SM 0603 100nF 50V X7R | D85: GENERIC | E85: 0603 | F85: 100nF | G85: =Config!$B$4 -> SCH/C_IEC.SchLib | H85: C | I85: PCB/SMT_CHIP.PcbLib | J85: CAP0603_X7R | K85: 1e-07 | L85: https://www.yageo.com/upload/media/product/app/datasheet/mlcc/upy-gphc_x7r_6_3v-to-250v.pdf | M85: YAGEO | N85: CC0603KPX7R9BB104 | O85: Digi-Key | P85: 311-3567-1-ND | Q85: YAGEO | R85: CC0603MRX7R9BB104 | S85: Digi-Key | T85: 311-4110-1-ND | U85: YAGEO | V85: CC0603KRX7R9BB104 | W85: LCSC | X85: C14663 | Y85: Basic | Z85: ="GPC"&E85&RIGHT(N85,3) -> GPC0603104
A86: 120N/0603/50V/X7R | B86: 120N/0603/50V/X7R | C86: CAP SM 0603 120nF 50V X7R | D86: GENERIC | E86: 0603 | F86: 120nF | G86: =Config!$B$4 -> SCH/C_IEC.SchLib | H86: C | I86: PCB/SMT_CHIP.PcbLib | J86: CAP0603_X7R | K86: 1.2e-07 | L86: https://www.yageo.com/upload/media/product/app/datasheet/mlcc/upy-gphc_x7r_6_3v-to-250v.pdf | M86: YAGEO | N86: CC0603KRX7R9BB124 | O86: Digi-Key | P86: 13-CC0603KRX7R9BB124CT-ND | Z86: ="GPC"&E86&RIGHT(N86,3) -> GPC0603124
A87: 150N/0603/50V/X7R | B87: 150N/0603/50V/X7R | C87: CAP SM 0603 150nF 50V X7R | D87: GENERIC | E87: 0603 | F87: 150nF | G87: =Config!$B$4 -> SCH/C_IEC.SchLib | H87: C | I87: PCB/SMT_CHIP.PcbLib | J87: CAP0603_X7R | K87: 1.5e-07 | L87: https://www.yageo.com/upload/media/product/app/datasheet/mlcc/upy-gphc_x7r_6_3v-to-250v.pdf | M87: YAGEO | N87: CC0603KRX7R9BB154 | O87: Digi-Key | P87: 13-CC0603KRX7R9BB154CT-ND | Q87: YAGEO | R87: CC0603JRX7R9BB154 | S87: Digi-Key | T87: 13-CC0603JRX7R9BB154CT-ND | Z87: ="GPC"&E87&RIGHT(N87,3) -> GPC0603154
A88: 220N/0603/25V/X7R | B88: 220N/0603/25V/X7R | C88: CAP SM 0603 220nF 25V X7R | D88: GENERIC | E88: 0603 | F88: 220nF | G88: =Config!$B$4 -> SCH/C_IEC.SchLib | H88: C | I88: PCB/SMT_CHIP.PcbLib | J88: CAP0603_X7R | K88: 2.2e-07 | U88: Samsung Electro-Mechanics | V88: CL10B224KA8NNNC | W88: LCSC | X88: C21120 | Y88: Basic | Z88: ="GPC"&E88&RIGHT(N88,3) -> GPC0603
A89: 220N/0603/50V/X7R | B89: 220N/0603/50V/X7R | C89: CAP SM 0603 220nF 50V X7R | D89: GENERIC | E89: 0603 | F89: 220nF | G89: =Config!$B$4 -> SCH/C_IEC.SchLib | H89: C | I89: PCB/SMT_CHIP.PcbLib | J89: CAP0603_X7R | K89: 2.2e-07 | L89: https://www.yageo.com/upload/media/product/app/datasheet/mlcc/upy-gphc_x7r_6_3v-to-250v.pdf | M89: YAGEO | N89: CC0603JRX7R9BB224 | O89: Digi-Key | P89: 13-CC0603JRX7R9BB224CT-ND | Q89: YAGEO | R89: CC0603KRX7R9BB224 | S89: Digi-Key | T89: 311-3374-1-ND | U89: YAGEO | V89: AC0603KRX7R9BB224 | W89: LCSC | X89: C726565 | Y89: Basic | Z89: ="GPC"&E89&RIGHT(N89,3) -> GPC0603224
A90: 330N/0603/25V/X7R | B90: 330N/0603/25V/X7R | C90: CAP SM 0603 330nF 25V X7R | D90: GENERIC | E90: 0603 | F90: 330nF | G90: =Config!$B$4 -> SCH/C_IEC.SchLib | H90: C | I90: PCB/SMT_CHIP.PcbLib | J90: CAP0603_X7R | K90: 3.3e-07 | L90: https://www.yageogroup.com/content/datasheet/asset/file/UPY-GPHC_X7R_6_3V-TO-250V | M90: YAGEO | N90: CC0603KRX7R8BB334 | O90: Digi-Key | P90: 311-3573-1-ND | Q90: YAGEO | R90: CC0603JRX7R8BB334 | S90: Digi-Key | T90: 13-CC0603JRX7R8BB334CT-ND | U90: YAGEO | V90: CC0603KRX7R8BB334 | W90: LCSC | X90: C107070 | Y90: Extended
A91: 470N/0603/50V/X7R | B91: 470N/0603/50V/X7R | C91: CAP SM 0603 470nF 50V X7R | D91: GENERIC | E91: 0603 | F91: 470nF | G91: =Config!$B$4 -> SCH/C_IEC.SchLib | H91: C | I91: PCB/SMT_CHIP.PcbLib | J91: CAP0603_X7R | K91: 4.7e-07 | L91: https://www.yageo.com/upload/media/product/app/datasheet/mlcc/upy-gphc_x7r_6_3v-to-250v.pdf | M91: YAGEO | N91: CC0603KRX7R9BB474 | O91: Digi-Key | P91: 13-CC0603KRX7R9BB474CT-ND | Z91: ="GPC"&E91&RIGHT(N91,3) -> GPC0603474
A92: 1U/0603/50V/X7R | B92: 1U/0603/50V/X7R | C92: CAP SM 0603 1.0uF 50V X7R | D92: GENERIC | E92: 0603 | F92: 1.0uF | G92: =Config!$B$4 -> SCH/C_IEC.SchLib | H92: C | I92: PCB/SMT_CHIP.PcbLib | J92: CAP0603_X7R | K92: 1e-06 | L92: https://www.yageo.com/upload/media/product/app/datasheet/mlcc/upy-gphc_x7r_6_3v-to-250v.pdf | M92: YAGEO | N92: CC0603KRX7R9BB105 | O92: Digi-Key | P92: 311-2082-1-ND | U92: Samsung Electro-Mechanics | V92: CL10B105KB8NQNC | W92: LCSC | X92: C5199872 | Y92: Extended | Z92: ="GPC"&E92&RIGHT(N92,3) -> GPC0603105
A93: 1U/0603/10V/X7R | B93: 1U/0603/10V/X7R | C93: CAP SM 0603 1.0uF 10V X7R | D93: GENERIC | E93: 0603 | F93: 1.0uF | G93: =Config!$B$4 -> SCH/C_IEC.SchLib | H93: C | I93: PCB/SMT_CHIP.PcbLib | J93: CAP0603_X7R | K93: 1e-06 | L93: https://mm.digikey.com/Volume0/opasdata/d220001/medias/docus/3584/CL10B105KP8NNNC_Spec.pdf | M93: Samsung Electro-Mechanics | N93: CL10B105KP8NNNC | O93: Digi-Key | P93: 1276-1946-1-ND | U93: FH (Guangdong Fenghua Advanced Tech) | V93: 0603B105K100NT | W93: LCSC | X93: C167338 | Y93: Extended | Z93: GPC0603105-10
A94: 1U/0603/50V/X5R | B94: 1U/0603/50V/X5R | C94: CAP SM 0603 1.0uF 50V X5R | D94: GENERIC | E94: 0603 | F94: 1.0uF | G94: =Config!$B$4 -> SCH/C_IEC.SchLib | H94: C | I94: PCB/SMT_CHIP.PcbLib | J94: CAP0603_X7R | K94: 1e-06 | L94: https://mm.digikey.com/Volume0/opasdata/d220001/medias/docus/658/CL10A105KB8NNNC_Spec.pdf | M94: Samsung Electro-Mechanics | N94: CL10A105KB8NNNC | O94: Digi-Key | P94: 1276-1860-1-ND | U94: Samsung Electro-Mechanics | V94: CL10A105KB8NNNC | W94: LCSC | X94: C15849 | Y94: Basic | Z94: GPC0603105-X5R
A95: 22N/0603/100V/X7R | B95: 22N/0603/100V/X7R | C95: CAP SM 0603 22nF 100V X7R | D95: GENERIC | E95: 0603 | F95: 22nF | G95: =Config!$B$4 -> SCH/C_IEC.SchLib | H95: C | I95: PCB/SMT_CHIP.PcbLib | J95: CAP0603_X7R | K95: 2.2e-08 | L95: https://connect.kemet.com:7667/gateway/IntelliData-ComponentDocumentation/1.0/download/datasheet/C0603C223K1RACTU | M95: KEMET | N95: C0603C223K1RAC7867 | O95: Digi-Key | P95: 399-C0603C223K1RAC7867CT-ND | U95: Walsin Tech Corp | V95: 0603B223K101CT | W95: LCSC | X95: C388010 | Z95: GPC0603223-100
A96: 100N/0603/100V/X7R | B96: 100N/0603/100V/X7R | C96: CAP SM 0603 100nF 100V X7R | D96: GENERIC | E96: 0603 | F96: 100nF | G96: =Config!$B$4 -> SCH/C_IEC.SchLib | H96: C | I96: PCB/SMT_CHIP.PcbLib | J96: CAP0603_X7R | K96: 2.2e-08 | L96: https://mm.digikey.com/Volume0/opasdata/d220001/medias/docus/1296/CL10B104KC8NNNC_Spec.pdf | M96: Samsung Electro-Mechanics | N96: CL10B104KC8NNNC | O96: Digi-Key | P96: 1276-6807-1-ND | U96: YAGEO | V96: CC0603KRX7R0BB104 | W96: LCSC | X96: C113803 | Z96: GPC0603104-100
A97: 10N/0603/100V/X7R | B97: 10N/0603/100V/X7R | C97: CAP SM 0603 10nF 100V X7R | D97: GENERIC | E97: 0603 | F97: 10nF | G97: =Config!$B$4 -> SCH/C_IEC.SchLib | H97: C | I97: PCB/SMT_CHIP.PcbLib | J97: CAP0603_X7R | K97: 1e-08 | L97: https://www.vishay.com/docs/45230/ga31gautomotivemlcc.pdf | M97: Vishay Vitramon | N97: GA0603Y103MXBAC31G | O97: Digi-Key | P97: 720-GA0603Y103MXBAC31GTR-ND | U97: FH (Guangdong Fenghua Advanced Tech) | V97: 0603B103K101NT | W97: LCSC | X97: C43253 | Z97: GPC0603103-100
A98: 2U2/0603/10V/X7R | B98: 2U2/0603/10V/X7R | C98: CAP SM 0603 2.2uF 100V X7R | D98: GENERIC | E98: 0603 | F98: 2.2uF | G98: =Config!$B$4 -> SCH/C_IEC.SchLib | H98: C | I98: PCB/SMT_CHIP.PcbLib | J98: CAP0603_X7R | K98: 2.2e-06 | L98: https://mm.digikey.com/Volume0/opasdata/d220001/medias/docus/1000/CL10B225KP8NNNC_Spec.pdf | M98: Samsung Electro-Mechanics | N98: CL10B225KP8NNNC | O98: Digi-Key | P98: 1276-1134-1-ND | U98: Samwha Capacitor | V98: CS1608X7R225M100NRB | W98: LCSC | X98: C5189827
A100: 1P/0402/50V/C0G | B100: 1P/0402/50V/C0G | C100: CAP SM 0402 1.0pF 50V C0G | D100: GENERIC | E100: 0402 | F100: 1.0pF | G100: =Config!$B$4 -> SCH/C_IEC.SchLib | H100: C | I100: PCB/SMT_CHIP.PcbLib | J100: CAP0402_C0G | K100: 1e-12 | L100: https://www.yageo.com/upload/media/product/productsearch/datasheet/mlcc/UPY-GP_NP0_16V-to-50V_18.pdf | M100: YAGEO | N100: CC0402CRNPO9BN1R0 | O100: Digi-Key | P100: 311-2076-1-ND | Q100: YAGEO | R100: CC0402CPNPO9BN1R0 | S100: Digi-Key | T100: 13-CC0402CPNPO9BN1R0CT-ND | Z100: GPC04021R0-C0G
A101: 1P2/0402/50V/C0G | B101: 1P2/0402/50V/C0G | C101: CAP SM 0402 1.2pF 50V C0G | D101: GENERIC | E101: 0402 | F101: 1.2pF | G101: =Config!$B$4 -> SCH/C_IEC.SchLib | H101: C | I101: PCB/SMT_CHIP.PcbLib | J101: CAP0402_C0G | K101: 1.2e-12 | L101: https://www.yageo.com/upload/media/product/productsearch/datasheet/mlcc/UPY-GP_NP0_16V-to-50V_18.pdf | M101: YAGEO | N101: CC0402CRNPO9BN1R2 | O101: Digi-Key | P101: 311-1002-1-ND | Q101: YAGEO | R101: CC0402CPNPO9BN1R2 | S101: Digi-Key | T101: 13-CC0402CPNPO9BN1R2CT-ND | Z101: GPC04021R2-C0G
...

Sheet L
A1: Part Number | B1: Comment | C1: Description | D1: Manufacturer | E1: Package | F1: Value | G1: Library Path | H1: Library Ref | I1: Footprint Path | J1: Footprint Ref | K1: Absolute Value | L1: HelpURL | M1: Manufacturer 1 | N1: Manufacturer Part Number 1 | O1: Supplier 1 | P1: Supplier Part Number 1 | Q1: Manufacturer 2 | R1: Manufacturer Part Number 2 | S1: Supplier 2 | T1: Supplier Part Number 2 | U1: Manufacturer 3 | V1: Manufacturer Part Number 3 | W1: Supplier 3 | X1: Supplier Part Number 3 | Y1: JLC Type
A2: 470NH/2520 | B2: 470NH/2520 | C2: 0.47UH 2520 Shielded Inductor SMD | D2: GENERIC | E2: 2520 metric | F2: 470NH | G2: =Config!$B$5 -> SCH/L_ANSI.SchLib | H2: L | I2: PCB/IND_SMT.PcbLib | J2: INDM2520X10 | K2: 4.7e-07 | L2: https://mm.digikey.com/Volume0/opasdata/d220001/medias/docus/5561/WIP252010S%20L%20Series.pdf | M2: INPAQ Technology Co., Ltd | N2: WIP252010S-R47MLDG | O2: Digi-Key | P2: 3526-WIP252010S-R47MLDGCT-ND | U2: INPAQ | V2: WIP252010S-R47ML | W2: LCSC | X2: C964116 | Y2: Extended
A3: 680NH/2520 | B3: 680NH/2520 | C3: 0.68UH 2520 Shielded Inductor SMD | D3: GENERIC | E3: 2520 metric | F3: 680NH | G3: =Config!$B$5 -> SCH/L_ANSI.SchLib | H3: L | I3: PCB/IND_SMT.PcbLib | J3: INDM2520X10 | K3: 6.8e-07 | L3: https://mm.digikey.com/Volume0/opasdata/d220001/medias/docus/5561/WIP252010S%20L%20Series.pdf | M3: INPAQ Technology Co., Ltd | N3: WIP252010S-R68MLDG | O3: Digi-Key | P3: 3526-WIP252010S-R68MLDGCT-ND | U3: TDK | V3: VLS252010HBX-R68M | W3: LCSC | X3: C307862 | Y3: Extended
A4: 1UH/2520 | B4: 1UH/2520 | C4: 1UH 2520 Shielded Inductor SMD | D4: GENERIC | E4: 2520 metric | F4: 1UH | G4: =Config!$B$5 -> SCH/L_ANSI.SchLib | H4: L | I4: PCB/IND_SMT.PcbLib | J4: INDM2520X10 | K4: 1e-06 | L4: https://mm.digikey.com/Volume0/opasdata/d220001/medias/docus/5561/WIP252010S%20L%20Series.pdf | M4: INPAQ Technology Co., Ltd | N4: WIP252010S-1R0MLDG | O4: Digi-Key | P4: 3526-WIP252010S-1R0MLDGCT-ND | U4: INPAQ | V4: WIP252012P-1R0ML | W4: LCSC | X4: C315711 | Y4: Extended
A5: 1UH5/2520 | B5: 1UH5/2520 | C5: 1.5UH 2520 Shielded Inductor SMD | D5: GENERIC | E5: 2520 metric | F5: 1.5UH | G5: =Config!$B$5 -> SCH/L_ANSI.SchLib | H5: L | I5: PCB/IND_SMT.PcbLib | J5: INDM2520X10 | K5: 1.5e-06 | L5: https://mm.digikey.com/Volume0/opasdata/d220001/medias/docus/5561/WIP252010S%20L%20Series.pdf | M5: INPAQ Technology Co., Ltd | N5: WIP252010S-1R5MLDG | O5: Digi-Key | P5: 3526-WIP252010S-1R5MLDGCT-ND | U5: INPAQ | V5: WIP252012P-1R5ML | W5: LCSC | X5: C964121 | Y5: Extended
A6: 2UH2/2520 | B6: 2UH2/2520 | C6: 2.2UH 2520 Shielded Inductor SMD | D6: GENERIC | E6: 2520 metric | F6: 2.2UH | G6: =Config!$B$5 -> SCH/L_ANSI.SchLib | H6: L | I6: PCB/IND_SMT.PcbLib | J6: INDM2520X10 | K6: 2.2e-06 | L6: https://mm.digikey.com/Volume0/opasdata/d220001/medias/docus/5561/WIP252010S%20L%20Series.pdf | M6: INPAQ Technology Co., Ltd | N6: WIP252010S-2R2MLDG | O6: Digi-Key | P6: 3526-WIP252010S-2R2MLDGCT-ND | U6: INPAQ | V6: WIP252010S-2R2ML | W6: LCSC | X6: C964118
A7: 4UH7/2520 | B7: 4UH7/2520 | C7: 4.7UH 2520 Shielded Inductor SMD | D7: GENERIC | E7: 2520 metric | F7: 4.7UH | G7: =Config!$B$5 -> SCH/L_ANSI.SchLib | H7: L | I7: PCB/IND_SMT.PcbLib | J7: INDM2520X10 | K7: 4.7e-06 | L7: https://mm.digikey.com/Volume0/opasdata/d220001/medias/docus/5561/WIP252010S%20L%20Series.pdf | M7: INPAQ Technology Co., Ltd | N7: WIP252010S-4R7MLDG | O7: Digi-Key | P7: 3526-WIP252010S-4R7MLDGCT-ND | U7: INPAQ | V7: WIP252010S-4R7ML | W7: LCSC | X7: C19631658
A8: 240NH/2016 | B8: 240NH/2016 | C8: 240NH 2016 Shielded Inductor SMD | D8: GENERIC | E8: 2016 metric | F8: 240NH | G8: =Config!$B$5 -> SCH/L_ANSI.SchLib | H8: L | I8: PCB/IND_SMT.PcbLib | J8: INDM2016X10 | K8: 2.4e-07 | L8: https://mm.digikey.com/Volume0/opasdata/d220001/medias/docus/5561/WIP201610S%20L%20Series.pdf | M8: INPAQ Technology Co., Ltd | N8: WIP201610S-R24MLDG | O8: Digi-Key | P8: 3526-WIP201610S-R24MLDGCT-ND | U8: INPAQ | V8: WIP201610P-R24ML | W8: LCSC | X8: C964103 | Y8: Extended
A9: 330NH/2016 | B9: 330NH/2016 | C9: 330NH 2016 Shielded Inductor SMD | D9: GENERIC | E9: 2016 metric | F9: 330NH | G9: =Config!$B$5 -> SCH/L_ANSI.SchLib | H9: L | I9: PCB/IND_SMT.PcbLib | J9: INDM2016X10 | K9: 3.3e-07 | L9: https://mm.digikey.com/Volume0/opasdata/d220001/medias/docus/5561/WIP201610S%20L%20Series.pdf | M9: INPAQ Technology Co., Ltd | N9: WIP201610S-R33MLDG | O9: Digi-Key | P9: 3526-WIP201610S-R33MLDGCT-ND | U9: INPAQ | V9: WIP201610P-R33ML | W9: LCSC | X9: C964104 | Y9: Extended
A10: 470NH/2016 | B10: 470NH/2016 | C10: 470NH 2016 Shielded Inductor SMD | D10: GENERIC | E10: 2016 metric | F10: 470NH | G10: =Config!$B$5 -> SCH/L_ANSI.SchLib | H10: L | I10: PCB/IND_SMT.PcbLib | J10: INDM2016X10 | K10: 4.7e-07 | L10: https://mm.digikey.com/Volume0/opasdata/d220001/medias/docus/5561/WIP201610S%20L%20Series.pdf | M10: INPAQ Technology Co., Ltd | N10: WIP201610S-R47MLDG | O10: Digi-Key | P10: 3526-WIP201610S-R47MLDGCT-ND | U10: INPAQ | V10: WIP201610P-R47ML | W10: LCSC | X10: C964105 | Y10: Extended
A11: 680NH/2016 | B11: 680NH/2016 | C11: 680NH 2016 Shielded Inductor SMD | D11: GENERIC | E11: 2016 metric | F11: 680NH | G11: =Config!$B$5 -> SCH/L_ANSI.SchLib | H11: L | I11: PCB/IND_SMT.PcbLib | J11: INDM2016X10 | K11: 6.8e-07 | L11: https://mm.digikey.com/Volume0/opasdata/d220001/medias/docus/5561/WIP201610S%20L%20Series.pdf | M11: INPAQ Technology Co., Ltd | N11: WIP201610S-R68MLDG | O11: Digi-Key | P11: 3526-WIP201610S-R68MLDGCT-ND | U11: INPAQ | V11: WIP201610P-R68ML | W11: LCSC | X11: C315716 | Y11: Extended
A12: 1UH/2016 | B12: 1UH/2016 | C12: 1UH 2016 Shielded Inductor SMD | D12: GENERIC | E12: 2016 metric | F12: 1UH | G12: =Config!$B$5 -> SCH/L_ANSI.SchLib | H12: L | I12: PCB/IND_SMT.PcbLib | J12: INDM2016X10 | K12: 1e-06 | L12: https://mm.digikey.com/Volume0/opasdata/d220001/medias/docus/5561/WIP201610S%20L%20Series.pdf | M12: INPAQ Technology Co., Ltd | N12: WIP201610S-1R0MLDG | O12: Digi-Key | P12: 3526-WIP201610S-1R0MLDGCT-ND | U12: INPAQ | V12: WIP201610P-1R0ML | W12: LCSC | X12: C315718 | Y12: Extended
A13: 1UH5/2016 | B13: 1UH5/2016 | C13: 1.5UH 2016 Shielded Inductor SMD | D13: GENERIC | E13: 2016 metric | F13: 1.5UH | G13: =Config!$B$5 -> SCH/L_ANSI.SchLib | H13: L | I13: PCB/IND_SMT.PcbLib | J13: INDM2016X10 | K13: 1.5e-06 | L13: https://mm.digikey.com/Volume0/opasdata/d220001/medias/docus/5561/WIP201610S%20L%20Series.pdf | M13: INPAQ Technology Co., Ltd | N13: WIP201610S-1R5MLDG | O13: Digi-Key | P13: 3526-WIP201610S-1R5MLDGCT-ND | U13: INPAQ | V13: WIP201610P-1R5ML | W13: LCSC | X13: C964106
A14: 2UH2/2016 | B14: 2UH2/2016 | C14: 2.2UH 2016 Shielded Inductor SMD | D14: GENERIC | E14: 2016 metric | F14: 2.2UH | G14: =Config!$B$5 -> SCH/L_ANSI.SchLib | H14: L | I14: PCB/IND_SMT.PcbLib | J14: INDM2016X10 | K14: 2.2e-06 | L14: https://mm.digikey.com/Volume0/opasdata/d220001/medias/docus/5561/WIP201610S%20L%20Series.pdf | M14: INPAQ Technology Co., Ltd | N14: WIP201610S-2R2MLDG | O14: Digi-Key | P14: 3526-WIP201610S-2R2MLDGCT-ND | U14: INPAQ | V14: WIP201610P-2R2ML | W14: LCSC | X14: C315717 | Y14: Extended
A15: 1K/0603/FERRITE | B15: 1K/0603/FERRITE | C15: 1K@100MHz 800mA 0603 Ferrite | D15: GENERIC | E15: 603 | F15: 1K | G15: =Config!$B$5 -> SCH/L_ANSI.SchLib | H15: Ferrite | I15: PCB/SMT_CHIP.PcbLib | J15: FB0603 | K15: 1000 | L15: https://product.tdk.com/en/system/files?file=dam/doc/product/emc/emc/beads/catalog/beads_automotive_power_mpz1608_en.pdf | M15: TDK Corporation | N15: MPZ1608S102ATD25 | O15: Digi-Key | P15: 445-MPZ1608S102ATD25CT-ND | U15: TAI-TECH | V15: FCM1608KF-102T08 | W15: LCSC | X15: C2880084
A16: 51UH/1812/CMC | B16: 51UH/1812/CMC | C16: 51uH 230mA Common mode choke | D16: GENERIC | E16: 1812 | F16: 51UH | G16: =Config!$B$5 -> SCH/L_ANSI.SchLib | H16: L_CMC_2 | I16: PCB/IND_SMT.PcbLib | J16: CMC4532X260 | K16: 5.1e-05 | L16: https://www.murata.com/en-eu/products/productdata/8796758605854/QFLC9101.pdf | M16: TAI-TECH Advanced Electronics Co., Ltd. | N16: ACM 4532F2NV-510T02-D | O16: Digi-Key | P16: 4816-ACM4532F2NV-510T02-DCT-ND | U16: TAI-TECH | V16: ACM4532F2NV-510T02-D | W16: LCSC | X16: C2880054
A17: 220UH/SRR1280 | B17: 220UH/SRR1280 | C17: FIXED IND 220UH 1.6A 400MOHM SMD | D17: Buorns Inc | E17: 12.5x12.5mm | F17: 220UH | G17: =Config!$B$5 -> SCH/L_ANSI.SchLib | H17: L | I17: PCB/IND_SMT.PcbLib | J17: INDM125125X800 | K17: 0.00022 | L17: https://www.bourns.com/docs/Product-Datasheets/SRR1280.pdf | M17: Buorns Inc | N17: SRR1280-221K | O17: Digi-Key | P17: SRR1280-221KLCT-ND | U17: XR | V17: XRRH129-221M | W17: LCSC | X17: C5339683
A18: 2UH2/SRP5015TA | B18: 2UH2/SRP5015TA | C18: FIXED IND 2.2UH 4A 52 MOHM SMD | D18: Buorns Inc | E18: 5.7x5.2mm | F18: 2.2UH | G18: =Config!$B$5 -> SCH/L_ANSI.SchLib | H18: L | I18: PCB/IND_SMT.PcbLib | J18: INDM5752X130 | K18: 2.2e-06 | L18: https://www.bourns.com/docs/Product-Datasheets/SRP5015TA.pdf | M18: Buorns Inc | N18: SRP5015TA-2R2M | O18: Digi-Key | P18: SRP5015TA-2R2MCT-ND | U18: YJYCOIN | V18: YSPI0520-2R2M | W18: LCSC | X18: C718375
A19: HX2019NL | B19: HX2019NL | C19: MODULE MAGNETICS POE SINGLE VOIP | D19: Pulse Electronics | G19: =Config!$B$5 -> SCH/L_ANSI.SchLib | H19: Pulse_2Channel_CT | I19: PCB/IND_SMT.PcbLib | J19: XFMR_HX2019 | L19: https://productfinder.pulseelectronics.com/api/open/part-attachments/datasheet/HX2019NL | M19: Pulse Electronics | N19: HX2019NL | O19: Digi-Key | P19: 553-1616-5-ND | U19: Pulse Elec | V19: HX2019NLT | W19: LCSC | X19: C2977267
A20: LAN2VSOPS24351C2 | B20: LAN2VSOPS24351C2 | C20: 350µH LAN 1000 Base-T, Power over Ethernet (PoE) Pulswandler 1CT:1CT Oberflächenmontage | D20: Eaton | G20: =Config!$B$5 -> SCH/L_ANSI.SchLib | H20: Pulse_4Channel_CT | I20: PCB/IND_SMT.PcbLib | J20: IND127P1600X620-24 | L20: https://www.eaton.com/content/dam/eaton/products/electronic-components/resources/data-sheet/eaton-lan2vsop-1000-base-t-lan-transformer-poe-data-sheet-elx1376-en.pdf | M20: Eaton | N20: LAN2VSOPS24351C2 | O20: Digi-Key | P20: 283-LAN2VSOPS24351C2CT-ND | U20: CND-tek | V20: G2412S | W20: LCSC | X20: C2912224
A21: LAN2VSOPD48351C2 | B21: LAN2VSOPD48351C2 | C21: 350µH LAN 1000 Base-T, Power over Ethernet (PoE) Pulswandler 1CT:1CT Oberflächenmontage | D21: Eaton | G21: =Config!$B$5 -> SCH/L_ANSI.SchLib | H21: Pulse_8Channel_CT | I21: PCB/IND_SMT.PcbLib | J21: IND102P1524X750-48 | L21: https://www.eaton.com/content/dam/eaton/products/electronic-components/resources/data-sheet/eaton-lan2vsop-1000-base-t-lan-transformer-poe-data-sheet-elx1376-en.pdf | M21: Eaton | N21: LAN2VSOPD48351C2 | O21: Digi-Key | P21: 283-LAN2VSOPD48351C2CT-ND | U21: CND-tek | V21: G4812S | W21: LCSC | X21: C3003221
A22: 15UH/1510 | B22: 15UH/1510 | C22: 15UH fixed inductor shielded | D22: GENERIC | E22: 1510 | F22: 15UH | G22: =Config!$B$5 -> SCH/L_ANSI.SchLib | H22: L | I22: PCB/IND_SMT.PcbLib | J22: INDM165155X100 | K22: 1.5e-05 | L22: https://www.bourns.com/docs/product-datasheets/srp1510ca.pdf | M22: Buorns Inc | N22: SRP1510CA-150M | O22: Digi-Key | P22: SRP1510CA-150M | U22: Coilcraft | V22: XAL1510-153MED | W22: LCSC | X22: C3911455
A23: 10UH/6630 | B23: 10UH/6630 | C23: FIXED IND 10UH 4A 68 MOHM SMD | D23: GENERIC | E23: 6030 | F23: 10UH | G23: =Config!$B$5 -> SCH/L_ANSI.SchLib | H23: L | I23: PCB/IND_SMT.PcbLib | J23: INDM660730X30 | K23: 1e-05 | L23: https://productfinder.pulseelectronics.com/api/open/part-attachments/datasheet/BMRB00060630100MA1 | M23: Pulse Electronics | N23: BMRB00060630100MA1 | O23: Digi-Key | P23: 553-BMRB00060630100MA1CT-ND | U23: Chilisin Elec | V23: BMRB00060630100MA1 | W23: LCSC | X23: C5201679
A24: 220NH/6630 | B24: 220NH/6630 | C24: FIXED IND 220NH 23 A 2.8 MOHM SMD | D24: GENERIC | E24: 6030 | F24: 220NH | G24: =Config!$B$5 -> SCH/L_ANSI.SchLib | H24: L | I24: PCB/IND_SMT.PcbLib | J24: INDM660730X30 | K24: 2.2e-07 | L24: https://productfinder.pulseelectronics.com/api/open/part-attachments/datasheet/BMRA00060630R22MA1 | M24: Pulse Electronics | N24: BMRA00060630R22MA1 | O24: Digi-Key | P24: 553-BMRA00060630R22MA1CT-ND
A25: 330NH/6630 | B25: 330NH/6630 | C25: FIXED IND 330NH 20 A 4.2 MOHM SMD | D25: GENERIC | E25: 6030 | F25: 330NH | G25: =Config!$B$5 -> SCH/L_ANSI.SchLib | H25: L | I25: PCB/IND_SMT.PcbLib | J25: INDM660730X30 | K25: 3.3e-07 | L25: https://productfinder.pulseelectronics.com/api/open/part-attachments/datasheet/BMRA00060630R33MA1 | M25: Pulse Electronics | N25: BMRA00060630R33MA1 | O25: Digi-Key | P25: 553-BMRA00060630R33MA1CT-ND
A26: 470NH/6630 | B26: 470NH/6630 | C26: FIXED IND 470NH 16.5 A 5.5 MOHM SMD | D26: GENERIC | E26: 6030 | F26: 470NH | G26: =Config!$B$5 -> SCH/L_ANSI.SchLib | H26: L | I26: PCB/IND_SMT.PcbLib | J26: INDM660730X30 | K26: 4.7e-07 | L26: https://productfinder.pulseelectronics.com/api/open/part-attachments/datasheet/BMRA00060630R47MA1 | M26: Pulse Electronics | N26: BMRA00060630R47MA1 | O26: Digi-Key | P26: 553-BMRA00060630R47MA1CT-ND
A27: 680NH/6630 | B27: 680NH/6630 | C27: FIXED IND 680NH 16.5 A 6.3 MOHM SMD | D27: GENERIC | E27: 6030 | F27: 680NH | G27: =Config!$B$5 -> SCH/L_ANSI.SchLib | H27: L | I27: PCB/IND_SMT.PcbLib | J27: INDM660730X30 | K27: 6.8e-07 | L27: https://productfinder.pulseelectronics.com/api/open/part-attachments/datasheet/BMRA00060630R68MA1 | M27: Pulse Electronics | N27: BMRA00060630R68MA1 | O27: Digi-Key | P27: 553-BMRA00060630R68MA1CT-ND
A28: 1UH/6630 | B28: 1UH/6630 | C28: FIXED IND 1UH 15 A 10 MOHM SMD | D28: GENERIC | E28: 6030 | F28: 1UH | G28: =Config!$B$5 -> SCH/L_ANSI.SchLib | H28: L | I28: PCB/IND_SMT.PcbLib | J28: INDM660730X30 | K28: 1e-06 | L28: https://productfinder.pulseelectronics.com/api/open/part-attachments/datasheet/BMRA000606301R0MA1 | M28: Pulse Electronics | N28: BMRA000606301R0MA1 | O28: Digi-Key | P28: 553-BMRA000606301R0MA1CT-ND
A29: 1UH5/6630 | B29: 1UH5/6630 | C29: FIXED IND 1.5UH 12 A 15 MOHM SMD | D29: GENERIC | E29: 6030 | F29: 1.5UH | G29: =Config!$B$5 -> SCH/L_ANSI.SchLib | H29: L | I29: PCB/IND_SMT.PcbLib | J29: INDM660730X30 | K29: 1.5e-06 | L29: https://productfinder.pulseelectronics.com/api/open/part-attachments/datasheet/BMRA000606301R5MA1 | M29: Pulse Electronics | N29: BMRA000606301R5MA1 | O29: Digi-Key | P29: 553-BMRA000606301R5MA1CT-ND
A30: 2UH2/6630 | B30: 2UH2/6630 | C30: FIXED IND 2.2UH 9.5 A 20 MOHM SMD | D30: GENERIC | E30: 6030 | F30: 2.2UH | G30: =Config!$B$5 -> SCH/L_ANSI.SchLib | H30: L | I30: PCB/IND_SMT.PcbLib | J30: INDM660730X30 | K30: 2.2e-06 | L30: https://productfinder.pulseelectronics.com/api/open/part-attachments/datasheet/BMRA000606302R2MA1 | M30: Pulse Electronics | N30: BMRA000606302R2MA1 | O30: Digi-Key | P30: 553-BMRA000606302R2MA1CT-ND
A31: 3UH3/6630 | B31: 3UH3/6630 | C31: FIXED IND 3.3UH 8.5 A 35 MOHM SMD | D31: GENERIC | E31: 6030 | F31: 3.3UH | G31: =Config!$B$5 -> SCH/L_ANSI.SchLib | H31: L | I31: PCB/IND_SMT.PcbLib | J31: INDM660730X30 | K31: 3.3e-06 | L31: https://productfinder.pulseelectronics.com/api/open/part-attachments/datasheet/BMRA000606303R3MA1 | M31: Pulse Electronics | N31: BMRA000606303R3MA1 | O31: Digi-Key | P31: 553-BMRA000606303R3MA1CT-ND
A32: 4UH7/6630 | B32: 4UH7/6630 | C32: FIXED IND 4.7UH 6 A 40 MOHM SMD | D32: GENERIC | E32: 6030 | F32: 4.7UH | G32: =Config!$B$5 -> SCH/L_ANSI.SchLib | H32: L | I32: PCB/IND_SMT.PcbLib | J32: INDM660730X30 | K32: 4.7e-06 | L32: https://productfinder.pulseelectronics.com/api/open/part-attachments/datasheet/BMRA000606304R7MA1 | M32: Pulse Electronics | N32: BMRA000606304R7MA1 | O32: Digi-Key | P32: 553-BMRA000606304R7MA1CT-ND
A33: 15UH/6630 | B33: 15UH/6630 | C33: FIXED IND 15UH 5.5 A 122 MOHM SMD | D33: GENERIC | E33: 6030 | F33: 15UH | G33: =Config!$B$5 -> SCH/L_ANSI.SchLib | H33: L | I33: PCB/IND_SMT.PcbLib | J33: INDM660730X30 | K33: 1.5e-05 | L33: https://productfinder.pulseelectronics.com/api/open/part-attachments/datasheet/BMRA00060630150MA1 | M33: Pulse Electronics | N33: BMRA00060630150MA1 | O33: Digi-Key | P33: 553-BMRA00060630150MA1CT-ND
A34: 22UH/6630 | B34: 22UH/6630 | C34: FIXED IND 22UH 3 A 145 MOHM SMD | D34: GENERIC | E34: 6030 | F34: 22UH | G34: =Config!$B$5 -> SCH/L_ANSI.SchLib | H34: L | I34: PCB/IND_SMT.PcbLib | J34: INDM660730X30 | K34: 2.2e-05 | L34: https://productfinder.pulseelectronics.com/api/open/part-attachments/datasheet/BMRA00060630220MA1 | M34: Pulse Electronics | N34: BMRA00060630220MA1 | O34: Digi-Key | P34: 553-BMRA00060630220MA1CT-ND
A35: 33UH/6630 | B35: 33UH/6630 | C35: FIXED IND 33UH 3 A 270 MOHM SMD | D35: GENERIC | E35: 6030 | F35: 33UH | G35: =Config!$B$5 -> SCH/L_ANSI.SchLib | H35: L | I35: PCB/IND_SMT.PcbLib | J35: INDM660730X30 | K35: 3.3e-05 | L35: https://productfinder.pulseelectronics.com/api/open/part-attachments/datasheet/BMRA00060630330MA1 | M35: Pulse Electronics | N35: BMRA00060630330MA1 | O35: Digi-Key | P35: 553-BMRA00060630330MA1CT-ND
... A50: 22UH/1245 | B50: 22UH/1245 | C50: FIXED IND 22UH 7.5 A 58 MOHM SMD | D50: GENERIC | E50: 1245 | F50: 22UH | G50: =Config!$B$5 -> SCH/L_ANSI.SchLib | H50: L | I50: PCB/IND_SMT.PcbLib | J50: INDM126126X47 | K50: 2.2e-05 | L50: https://www.bourns.com/docs/product-datasheets/srp1245c.pdf | M50: Bourns Inc. | N50: SRP1245C-220M | O50: Digi-Key | P50: 118-SRP1245C-220MCT-ND
A51: 1MH/THT/CMC | B51: 1MH/THT/CMC | C51: CMC 1mH 2A THT Schurter DFKH-14-0003 | D51: SCHURTER | E51: 15X10.5mm | F51: 1MH | G51: =Config!$B$5 -> SCH/L_ANSI.SchLib | H51: L_CMC_2 | I51: =_xlfn.CONCAT(PrivateLibraryPath,"PCB/Schurter.PcbLib") -> ../altium_lib_private/PCB/Schurter.PcbLib | J51: DFKH-CASE-50-2 | L51: https://www.schurter.com/en/datasheet/typ_DFKH.pdf | M51: SCHURTER Inc. | N51: DFKH-14-0003 | O51: Digi-Key | P51: 486-3121-ND
A52: 30R/0603/FERRITE | B52: 30R/0603/FERRITE | C52: 30R@100MHz 5A 0603 Ferrite | D52: GENERIC | E52: 603 | F52: 30R | G52: =Config!$B$5 -> SCH/L_ANSI.SchLib | H52: Ferrite | I52: PCB/SMT_CHIP.PcbLib | J52: FB0603 | K52: 1000 | L52: https://www.laird.com/document/datasheet/hi0603r300r-10-datasheet | M52: Laird-Signal Integrity Products | N52: HI0603R300R-10 | O52: Digi-Key | P52: 240-HI0603R300R-10CT-ND
A53: 820UH/RCH-110 | B53: 820UH/RCH-110 | C53: 820UH unshielded inductor THT RCH-110 | D53: Sumida | E53: RCH-110 | F53: 820UH | G53: =Config!$B$5 -> SCH/L_ANSI.SchLib | H53: L | I53: PCB/L_THT.PcbLib | J53: RCH-110-DUAL-PAR | K53: 0.00082 | L53: https://products.sumida.com/products/pdf/RCH-110.pdf | M53: Sumida | N53: RCH110NP-821K | O53: Digi-Key
A54: 30MH/THT/CMC | B54: 30MH/THT/CMC | C54: CMC 30mH 5A Würth CMBNC 7448050530 | D54: Würth | E54: CMBNC | F54: 30MH | G54: =Config!$B$5 -> SCH/L_ANSI.SchLib | H54: L_CMC_2 | I54: PCB/L_THT.PcbLib | J54: CMC-WE-CMBNC-XL-7448050530 | K54: 0.03 | L54: https://www.we-online.com/components/products/datasheet/7448050530.pdf | M54: Würth Elektronik | N54: 7448050530 | O54: Digi-Key | P54: 732-5596-ND
A55: ELP22/6/16 PC200 | B55: ELP22/6/16 PC200 | C55: ELP22/6/16 ferrite core, PC200, AL=2100, ungapped | D55: TDK | E55: ELP22/6/16 | F55: AL=2100nH | G55: =Config!$B$5 -> SCH/L_ANSI.SchLib | H55: CORE_HALF | I55: PCB/ELP.PcbLib | J55: ELP22/6/16 | K55: 2.1e-06 | L55: https://www.tdk-electronics.tdk.com/inf/80/db/fer/elp_22_6_16.pdf | N55: B66285G0000X608
A56: ELP22/6/16 PC200 FLAT | B56: ELP22/6/16 PC200 | C56: ELP22/6/16 ferrite core, PC200, AL=2100, ungapped | D56: TDK | E56: ELP22/6/16 | F56: AL=2100nH | G56: =Config!$B$5 -> SCH/L_ANSI.SchLib | H56: CORE_HALF | I56: PCB/ELP.PcbLib | J56: ELP22/6/16-0.0MM | K56: 2.1e-06 | L56: https://www.tdk-electronics.tdk.com/inf/80/db/fer/elp_22_6_16.pdf | N56: B66285G0000X608
A57: ELP22/6/16 PC200 FLAT BOTTOM | B57: ELP22/6/16 PC200 | C57: ELP22/6/16 ferrite core, PC200, AL=2100, ungapped | D57: TDK | E57: ELP22/6/16 | F57: AL=2100nH | G57: =Config!$B$5 -> SCH/L_ANSI.SchLib | H57: CORE_HALF | I57: PCB/ELP.PcbLib | J57: ELP22/6/16-0.0MM-BOTTOM | K57: 2.1e-06 | L57: https://www.tdk-electronics.tdk.com/inf/80/db/fer/elp_22_6_16.pdf | N57: B66285G0000X608
A58: ELP22/6/16 N49 | B58: ELP22/6/16 N49 | C58: ELP22/6/16 ferrite core, N49, AL=3100, ungapped | D58: TDK | E58: ELP22/6/16 | F58: AL=3100nH | G58: =Config!$B$5 -> SCH/L_ANSI.SchLib | H58: CORE_HALF | I58: PCB/ELP.PcbLib | J58: ELP22/6/16 | K58: 3.1e-06 | L58: https://www.tdk-electronics.tdk.com/inf/80/db/fer/elp_22_6_16.pdf | M58: EPCOS - TDK Electronics | N58: B66285G0000X149 | O58: Digi-Key | P58: 495-5390-ND
A59: ELP22/6/16 N49 FLAT | B59: ELP22/6/16 N49 | C59: ELP22/6/16 ferrite core, N49, AL=3100, ungapped | D59: TDK | E59: ELP22/6/16 | F59: AL=3100nH | G59: =Config!$B$5 -> SCH/L_ANSI.SchLib | H59: CORE_HALF | I59: PCB/ELP.PcbLib | J59: ELP22/6/16-0.0MM | K59: 3.1e-06 | L59: https://www.tdk-electronics.tdk.com/inf/80/db/fer/elp_22_6_16.pdf | M59: EPCOS - TDK Electronics | N59: B66285G0000X149 | O59: Digi-Key | P59: 495-5390-ND
A60: ELP22/6/16 N49 FLAT BOTTOM | B60: ELP22/6/16 N49 | C60: ELP22/6/16 ferrite core, N49, AL=3100, ungapped | D60: TDK | E60: ELP22/6/16 | F60: AL=3100nH | G60: =Config!$B$5 -> SCH/L_ANSI.SchLib | H60: CORE_HALF | I60: PCB/ELP.PcbLib | J60: ELP22/6/16-0.0MM-BOTTOM | K60: 3.1e-06 | L60: https://www.tdk-electronics.tdk.com/inf/80/db/fer/elp_22_6_16.pdf | M60: EPCOS - TDK Electronics | N60: B66285G0000X149 | O60: Digi-Key | P60: 495-5390-ND
A61: ELP22/6/16 N92 | B61: ELP22/6/16 N92 | C61: ELP22/6/16 ferrite core, N92, AL=3400, ungapped | D61: TDK | E61: ELP22/6/16 | F61: AL=3400nH | G61: =Config!$B$5 -> SCH/L_ANSI.SchLib | H61: CORE_HALF | I61: PCB/ELP.PcbLib | J61: ELP22/6/16 | K61: 3.4e-06 | L61: https://www.tdk-electronics.tdk.com/inf/80/db/fer/elp_22_6_16.pdf | M61: EPCOS - TDK Electronics | N61: B66285G0000X192 | O61: Digi-Key | P61: 495-75474-ND
A62: ELP22/6/16 N92 FLAT | B62: ELP22/6/16 N92 | C62: ELP22/6/16 ferrite core, N92, AL=3400, ungapped | D62: TDK | E62: ELP22/6/16 | F62: AL=3400nH | G62: =Config!$B$5 -> SCH/L_ANSI.SchLib | H62: CORE_HALF | I62: PCB/ELP.PcbLib | J62: ELP22/6/16-0.0MM | K62: 3.4e-06 | L62: https://www.tdk-electronics.tdk.com/inf/80/db/fer/elp_22_6_16.pdf | M62: EPCOS - TDK Electronics | N62: B66285G0000X192 | O62: Digi-Key | P62: 495-75474-ND
A63: ELP22/6/16 N92 FLAT BOTTOM | B63: ELP22/6/16 N92 | C63: ELP22/6/16 ferrite core, N92, AL=3400, ungapped | D63: TDK | E63: ELP22/6/16 | F63: AL=3400nH | G63: =Config!$B$5 -> SCH/L_ANSI.SchLib | H63: CORE_HALF | I63: PCB/ELP.PcbLib | J63: ELP22/6/16-0.0MM-BOTTOM | K63: 3.4e-06 | L63: https://www.tdk-electronics.tdk.com/inf/80/db/fer/elp_22_6_16.pdf | M63: EPCOS - TDK Electronics | N63: B66285G0000X192 | O63: Digi-Key | P63: 495-75474-ND
A64: ELP22/6/16 N87 | B64: ELP22/6/16 N87 | C64: ELP22/6/16 ferrite core, N87, AL=4500, ungapped | D64: TDK | E64: ELP22/6/16 | F64: AL=4500nH | G64: =Config!$B$5 -> SCH/L_ANSI.SchLib | H64: CORE_HALF | I64: PCB/ELP.PcbLib | J64: ELP22/6/16 | K64: 4.5e-06 | L64: https://www.tdk-electronics.tdk.com/inf/80/db/fer/elp_22_6_16.pdf | M64: EPCOS - TDK Electronics | N64: B66285G0000X187 | O64: Digi-Key | P64: 495-5391-ND
A65: ELP22/6/16 N87 FLAT | B65: ELP22/6/16 N87 | C65: ELP22/6/16 ferrite core, N87, AL=4500, ungapped | D65: TDK | E65: ELP22/6/16 | F65: AL=4500nH | G65: =Config!$B$5 -> SCH/L_ANSI.SchLib | H65: CORE_HALF | I65: PCB/ELP.PcbLib | J65: ELP22/6/16-0.0MM | K65: 4.5e-06 | L65: https://www.tdk-electronics.tdk.com/inf/80/db/fer/elp_22_6_16.pdf | M65: EPCOS - TDK Electronics | N65: B66285G0000X187 | O65: Digi-Key | P65: 495-5391-ND
A66: ELP22/6/16 N87 FLAT BOTTOM | B66: ELP22/6/16 N87 | C66: ELP22/6/16 ferrite core, N87, AL=4500, ungapped | D66: TDK | E66: ELP22/6/16 | F66: AL=4500nH | G66: =Config!$B$5 -> SCH/L_ANSI.SchLib | H66: CORE_HALF | I66: PCB/ELP.PcbLib | J66: ELP22/6/16-0.0MM-BOTTOM | K66: 4.5e-06 | L66: https://www.tdk-electronics.tdk.com/inf/80/db/fer/elp_22_6_16.pdf | M66: EPCOS - TDK Electronics | N66: B66285G0000X187 | O66: Digi-Key | P66: 495-5391-ND
A67: ELP22/6/16 N97 | B67: ELP22/6/16 N97 | C67: ELP22/6/16 ferrite core, N97, AL=4600, ungapped | D67: TDK | E67: ELP22/6/16 | F67: AL=4600nH | G67: =Config!$B$5 -> SCH/L_ANSI.SchLib | H67: CORE_HALF | I67: PCB/ELP.PcbLib | J67: ELP22/6/16 | K67: 4.6e-06 | L67: https://www.tdk-electronics.tdk.com/inf/80/db/fer/elp_22_6_16.pdf | M67: EPCOS - TDK Electronics | N67: B66285G0000X197 | O67: Digi-Key | P67: 495-75475-ND
A68: ELP22/6/16 N97 FLAT | B68: ELP22/6/16 N97 | C68: ELP22/6/16 ferrite core, N97, AL=4600, ungapped | D68: TDK | E68: ELP22/6/16 | F68: AL=4600nH | G68: =Config!$B$5 -> SCH/L_ANSI.SchLib | H68: CORE_HALF | I68: PCB/ELP.PcbLib | J68: ELP22/6/16-0.0MM | K68: 4.6e-06 | L68: https://www.tdk-electronics.tdk.com/inf/80/db/fer/elp_22_6_16.pdf | M68: EPCOS - TDK Electronics | N68: B66285G0000X197 | O68: Digi-Key | P68: 495-75475-ND
A69: ELP22/6/16 N97 FLAT BOTTOM | B69: ELP22/6/16 N97 | C69: ELP22/6/16 ferrite core, N97, AL=4600, ungapped | D69: TDK | E69: ELP22/6/16 | F69: AL=4600nH | G69: =Config!$B$5 -> SCH/L_ANSI.SchLib | H69: CORE_HALF | I69: PCB/ELP.PcbLib | J69: ELP22/6/16-0.0MM-BOTTOM | K69: 4.6e-06 | L69: https://www.tdk-electronics.tdk.com/inf/80/db/fer/elp_22_6_16.pdf | M69: EPCOS - TDK Electronics | N69: B66285G0000X197 | O69: Digi-Key | P69: 495-75475-ND
A70: ELP22/6/16 N95 | B70: ELP22/6/16 N95 | C70: ELP22/6/16 ferrite core, N95, AL=5500, ungapped | D70: TDK | E70: ELP22/6/16 | F70: AL=5500nH | G70: =Config!$B$5 -> SCH/L_ANSI.SchLib | H70: CORE_HALF | I70: PCB/ELP.PcbLib | J70: ELP22/6/16 | K70: 5.5e-06 | L70: https://www.tdk-electronics.tdk.com/inf/80/db/fer/elp_22_6_16.pdf | N70: B66285G0000X195
A71: ELP22/6/16 N95 FLAT | B71: ELP22/6/16 N95 | C71: ELP22/6/16 ferrite core, N95, AL=5500, ungapped | D71: TDK | E71: ELP22/6/16 | F71: AL=5500nH | G71: =Config!$B$5 -> SCH/L_ANSI.SchLib | H71: CORE_HALF | I71: PCB/ELP.PcbLib | J71: ELP22/6/16-0.0MM | K71: 5.5e-06 | L71: https://www.tdk-electronics.tdk.com/inf/80/db/fer/elp_22_6_16.pdf | N71: B66285G0000X195
A72: ELP22/6/16 N95 FLAT BOTTOM | B72: ELP22/6/16 N95 | C72: ELP22/6/16 ferrite core, N95, AL=5500, ungapped | D72: TDK | E72: ELP22/6/16 | F72: AL=5500nH | G72: =Config!$B$5 -> SCH/L_ANSI.SchLib | H72: CORE_HALF | I72: PCB/ELP.PcbLib | J72: ELP22/6/16-0.0MM-BOTTOM | K72: 5.5e-06 | L72: https://www.tdk-electronics.tdk.com/inf/80/db/fer/elp_22_6_16.pdf | N72: B66285G0000X195
A73: ELP22/6/16 N87 0.05MM | B73: ELP22/6/16 N87 0.05MM | C73: ELP22/6/16 ferrite core, N87, AL=1520, gapped 0.05mm | D73: TDK | E73: ELP22/6/16 | F73: AL=1520nH | G73: =Config!$B$5 -> SCH/L_ANSI.SchLib | H73: CORE_HALF | I73: PCB/ELP.PcbLib | J73: ELP22/6/16 | K73: 1.52e-06 | L73: https://www.tdk-electronics.tdk.com/inf/80/db/fer/elp_22_6_16.pdf | M73: EPCOS - TDK Electronics | N73: B66285G0050X187 | O73: Digi-Key | P73: 495-B66285G0050X187-ND
A74: ELP22/6/16 N87 0.05MM FLAT | B74: ELP22/6/16 N87 0.05MM | C74: ELP22/6/16 ferrite core, N87, AL=1520, gapped 0.05mm | D74: TDK | E74: ELP22/6/16 | F74: AL=1520nH | G74: =Config!$B$5 -> SCH/L_ANSI.SchLib | H74: CORE_HALF | I74: PCB/ELP.PcbLib | J74: ELP22/6/16-0.0MM | K74: 1.52e-06 | L74: https://www.tdk-electronics.tdk.com/inf/80/db/fer/elp_22_6_16.pdf | M74: EPCOS - TDK Electronics | N74: B66285G0050X187 | O74: Digi-Key | P74: 495-B66285G0050X187-ND
A75: ELP22/6/16 N87 0.05MM FLAT BOTTOM | B75: ELP22/6/16 N87 0.05MM | C75: ELP22/6/16 ferrite core, N87, AL=1520, gapped 0.05mm | D75: TDK | E75: ELP22/6/16 | F75: AL=1520nH | G75: =Config!$B$5 -> SCH/L_ANSI.SchLib | H75: CORE_HALF | I75: PCB/ELP.PcbLib | J75: ELP22/6/16-0.0MM-BOTTOM | K75: 1.52e-06 | L75: https://www.tdk-electronics.tdk.com/inf/80/db/fer/elp_22_6_16.pdf | M75: EPCOS - TDK Electronics | N75: B66285G0050X187 | O75: Digi-Key | P75: 495-B66285G0050X187-ND
A76: ELP22/6/16 N87 0.1MM | B76: ELP22/6/16 N87 0.1MM | C76: ELP22/6/16 ferrite core, N87, AL=820, gapped 0.1mm | D76: TDK | E76: ELP22/6/16 | F76: AL=820nH | G76: =Config!$B$5 -> SCH/L_ANSI.SchLib | H76: CORE_HALF | I76: PCB/ELP.PcbLib | J76: ELP22/6/16 | K76: 8.2e-07 | L76: https://www.tdk-electronics.tdk.com/inf/80/db/fer/elp_22_6_16.pdf | N76: B66285G0100X187
A77: ELP22/6/16 N87 0.1MM FLAT | B77: ELP22/6/16 N87 0.1MM | C77: ELP22/6/16 ferrite core, N87, AL=820, gapped 0.1mm | D77: TDK | E77: ELP22/6/16 | F77: AL=820nH | G77: =Config!$B$5 -> SCH/L_ANSI.SchLib | H77: CORE_HALF | I77: PCB/ELP.PcbLib | J77: ELP22/6/16-0.0MM | K77: 8.2e-07 | L77: https://www.tdk-electronics.tdk.com/inf/80/db/fer/elp_22_6_16.pdf | N77: B66285G0100X187
A78: ELP22/6/16 N87 0.1MM FLAT BOTTOM | B78: ELP22/6/16 N87 0.1MM | C78: ELP22/6/16 ferrite core, N87, AL=820, gapped 0.1mm | D78: TDK | E78: ELP22/6/16 | F78: AL=820nH | G78: =Config!$B$5 -> SCH/L_ANSI.SchLib | H78: CORE_HALF | I78: PCB/ELP.PcbLib | J78: ELP22/6/16-0.0MM-BOTTOM | K78: 8.2e-07 | L78: https://www.tdk-electronics.tdk.com/inf/80/db/fer/elp_22_6_16.pdf | N78: B66285G0100X187
A79: ELP22/6/16 N87 0.3MM | B79: ELP22/6/16 N87 0.3MM | C79: ELP22/6/16 ferrite core, N87, AL=330, gapped 0.3mm | D79: TDK | E79: ELP22/6/16 | F79: AL=330nH | G79: =Config!$B$5 -> SCH/L_ANSI.SchLib | H79: CORE_HALF | I79: PCB/ELP.PcbLib | J79: ELP22/6/16 | K79: 3.3e-07 | L79: https://www.tdk-electronics.tdk.com/inf/80/db/fer/elp_22_6_16.pdf | N79: B66285G0300X187
A80: ELP22/6/16 N87 0.3MM FLAT | B80: ELP22/6/16 N87 0.3MM | C80: ELP22/6/16 ferrite core, N87, AL=330, gapped 0.3mm | D80: TDK | E80: ELP22/6/16 | F80: AL=330nH | G80: =Config!$B$5 -> SCH/L_ANSI.SchLib | H80: CORE_HALF | I80: PCB/ELP.PcbLib | J80: ELP22/6/16-0.0MM | K80: 3.3e-07 | L80: https://www.tdk-electronics.tdk.com/inf/80/db/fer/elp_22_6_16.pdf | N80: B66285G0300X187
A81: ELP22/6/16 N87 0.3MM FLAT BOTTOM | B81: ELP22/6/16 N87 0.3MM | C81: ELP22/6/16 ferrite core, N87, AL=330, gapped 0.3mm | D81: TDK | E81: ELP22/6/16 | F81: AL=330nH | G81: =Config!$B$5 -> SCH/L_ANSI.SchLib | H81: CORE_HALF | I81: PCB/ELP.PcbLib | J81: ELP22/6/16-0.0MM-BOTTOM | K81: 3.3e-07 | L81: https://www.tdk-electronics.tdk.com/inf/80/db/fer/elp_22_6_16.pdf | N81: B66285G0300X187
A82: ELP22/6/16 N87 0.5MM | B82: ELP22/6/16 N87 0.5MM | C82: ELP22/6/16 ferrite core, N87, AL=220, gapped 0.5mm | D82: TDK | E82: ELP22/6/16 | F82: AL=220nH | G82: =Config!$B$5 -> SCH/L_ANSI.SchLib | H82: CORE_HALF | I82: PCB/ELP.PcbLib | J82: ELP22/6/16 | K82: 2.2e-07 | L82: https://www.tdk-electronics.tdk.com/inf/80/db/fer/elp_22_6_16.pdf | N82: B66285G0500X187
A83: ELP22/6/16 N87 0.5MM FLAT | B83: ELP22/6/16 N87 0.5MM | C83: ELP22/6/16 ferrite core, N87, AL=220, gapped 0.5mm | D83: TDK | E83: ELP22/6/16 | F83: AL=220nH | G83: =Config!$B$5 -> SCH/L_ANSI.SchLib | H83: CORE_HALF | I83: PCB/ELP.PcbLib | J83: ELP22/6/16-0.0MM | K83: 2.2e-07 | L83: https://www.tdk-electronics.tdk.com/inf/80/db/fer/elp_22_6_16.pdf | N83: B66285G0500X187
A84: ELP22/6/16 N87 0.5MM FLAT BOTTOM | B84: ELP22/6/16 N87 0.5MM | C84: ELP22/6/16 ferrite core, N87, AL=220, gapped 0.5mm | D84: TDK | E84: ELP22/6/16 | F84: AL=220nH | G84: =Config!$B$5 -> SCH/L_ANSI.SchLib | H84: CORE_HALF | I84: PCB/ELP.PcbLib | J84: ELP22/6/16-0.0MM-BOTTOM | K84: 2.2e-07 | L84: https://www.tdk-electronics.tdk.com/inf/80/db/fer/elp_22_6_16.pdf | N84: B66285G0500X187
A85: ELP22/6/16 N87 1.0MM | B85: ELP22/6/16 N87 1.0MM | C85: ELP22/6/16 ferrite core, N87, AL=125, gapped 1.0mm | D85: TDK | E85: ELP22/6/16 | F85: AL=125nH | G85: =Config!$B$5 -> SCH/L_ANSI.SchLib | H85: CORE_HALF | I85: PCB/ELP.PcbLib | J85: ELP22/6/16 | K85: 1.25e-07 | L85: https://www.tdk-electronics.tdk.com/inf/80/db/fer/elp_22_6_16.pdf | N85: B66285G1000X187
A86: ELP22/6/16 N87 1.0MM FLAT | B86: ELP22/6/16 N87 1.0MM | C86: ELP22/6/16 ferrite core, N87, AL=125, gapped 1.0mm | D86: TDK | E86: ELP22/6/16 | F86: AL=125nH | G86: =Config!$B$5 -> SCH/L_ANSI.SchLib | H86: CORE_HALF | I86: PCB/ELP.PcbLib | J86: ELP22/6/16-0.0MM | K86: 1.25e-07 | L86: https://www.tdk-electronics.tdk.com/inf/80/db/fer/elp_22_6_16.pdf | N86: B66285G1000X187
A87: ELP22/6/16 N87 1.0MM FLAT BOTTOM | B87: ELP22/6/16 N87 1.0MM | C87: ELP22/6/16 ferrite core, N87, AL=125, gapped 1.0mm | D87: TDK | E87: ELP22/6/16 | F87: AL=125nH | G87: =Config!$B$5 -> SCH/L_ANSI.SchLib | H87: CORE_HALF | I87: PCB/ELP.PcbLib | J87: ELP22/6/16-0.0MM-BOTTOM | K87: 1.25e-07 | L87: https://www.tdk-electronics.tdk.com/inf/80/db/fer/elp_22_6_16.pdf | N87: B66285G1000X187
A88: EELP22 CLAMP | B88: EELP22 CLAMP | C88: EELP22 clamp | D88: TDK | E88: EELP22 | G88: =Config!$B$5 -> SCH/L_ANSI.SchLib | H88: CORE_CLAMP | I88: PCB/ELP.PcbLib | J88: EELP22/6/16-CLAMP | L88: https://www.tdk-electronics.tdk.com/inf/80/db/fer/elp_22_6_16.pdf | M88: B66286A2000X000 | N88: B66286A2000X000 | O88: Digi-Key | P88: 495-B66286A2000X000-ND
A89: EELP22 CLAMP FLAT | B89: EELP22 CLAMP | C89: EELP22 clamp | D89: TDK | E89: EELP22 | G89: =Config!$B$5 -> SCH/L_ANSI.SchLib | H89: CORE_CLAMP | I89: PCB/ELP.PcbLib | J89: EELP22/6/16-CLAMP-FLAT | L89: https://www.tdk-electronics.tdk.com/inf/80/db/fer/elp_22_6_16.pdf | M89: B66286A2000X000 | N89: B66286A2000X000 | O89: Digi-Key | P89: 495-B66286A2000X000-ND
A90: EILP22 CLAMP | B90: EILP22 CLAMP | C90: EILP22 clamp | D90: TDK | E90: EILP22 | G90: =Config!$B$5 -> SCH/L_ANSI.SchLib | H90: CORE_CLAMP | I90: PCB/ELP.PcbLib | J90: EILP22/6/16-CLAMP | L90: https://www.tdk-electronics.tdk.com/inf/80/db/fer/elp_22_6_16.pdf | M90: EPCOS - TDK Electronics | N90: B65804P2204X000 | O90: Digi-Key | P90: 495-5203-ND
A91: ELP22/6/16 1WDG 2L | B91: ELP22/6/16 1WDG | C91: ELP22/6/16 coil, 1 winding, 2 layers | E91: ELP22/6/16 | F91: 1 Wdg | G91: =Config!$B$5 -> SCH/L_ANSI.SchLib | H91: L_POL | I91: PCB/ELP.PcbLib | J91: ELP22/6/16_1_WDG_2L | K91: 1 | L91: https://www.tdk-electronics.tdk.com/inf/80/db/fer/elp_22_6_16.pdf
A92: ELP22/6/16 2WDG 2L | B92: ELP22/6/16 2WDG | C92: ELP22/6/16 coil, 2 windings, 2 layers | E92: ELP22/6/16 | F92: 2 Wdg | G92: =Config!$B$5 -> SCH/L_ANSI.SchLib | H92: L_POL | I92: PCB/ELP.PcbLib | J92: ELP22/6/16_2_WDG_2L_CCW | K92: 2 | L92: https://www.tdk-electronics.tdk.com/inf/80/db/fer/elp_22_6_16.pdf
A93: ELP22/6/16 8WDG 4L | B93: ELP22/6/16 8WDG | C93: ELP22/6/16 coil, 8 windings, 4 layers | E93: ELP22/6/16 | F93: 8 Wdg | G93: =Config!$B$5 -> SCH/L_ANSI.SchLib | H93: L_POL | I93: PCB/ELP.PcbLib | J93: ELP22/6/16_8_WDG_4L_CCW | K93: 8 | L93: https://www.tdk-electronics.tdk.com/inf/80/db/fer/elp_22_6_16.pdf
A94: ELP22/6/16 24WDG 2L | B94: ELP22/6/16 24WDG | C94: ELP22/6/16 coil, 24 windings, 2 layers | E94: ELP22/6/16 | F94: 24 Wdg | G94: =Config!$B$5 -> SCH/L_ANSI.SchLib | H94: L_POL | I94: PCB/ELP.PcbLib | J94: ELP22/6/16_24_WDG_2L_CCW | K94: 24 | L94: https://www.tdk-electronics.tdk.com/inf/80/db/fer/elp_22_6_16.pdf
A95: ELP22/6/16 1WDG PCB 1.6MM | B95: ELP22/6/16 1WDG | C95: ELP22/6/16 coil, 1 winding, PCB 1.6mm | E95: ELP22/6/16 | F95: 1 Wdg | G95: =Config!$B$5 -> SCH/L_ANSI.SchLib | H95: L_POL | I95: PCB/ELP.PcbLib | K95: 1 | L95: https://www.tdk-electronics.tdk.com/inf/80/db/fer/elp_22_6_16.pdf
A96: ELP22/6/16 2WDG PCB 1.6MM | B96: ELP22/6/16 2WDG | C96: ELP22/6/16 coil, 2 windings, PCB 1.6mm | E96: ELP22/6/16 | F96: 2 Wdg | G96: =Config!$B$5 -> SCH/L_ANSI.SchLib | H96: L_POL | I96: PCB/ELP.PcbLib | K96: 2 | L96: https://www.tdk-electronics.tdk.com/inf/80/db/fer/elp_22_6_16.pdf
A97: ELP22/6/16 8WDG PCB 1.6MM | B97: ELP22/6/16 8WDG | C97: ELP22/6/16 coil, 8 windings, PCB 1.6mm | E97: ELP22/6/16 | F97: 8 Wdg | G97: =Config!$B$5 -> SCH/L_ANSI.SchLib | H97: L_POL | I97: PCB/ELP.PcbLib | K97: 8 | L97: https://www.tdk-electronics.tdk.com/inf/80/db/fer/elp_22_6_16.pdf
A98: ELP22/6/16 24WDG PCB 1.6MM | B98: ELP22/6/16 24WDG | C98: ELP22/6/16 coil, 24 windings, PCB 1.6mm | E98: ELP22/6/16 | F98: 24 Wdg | G98: =Config!$B$5 -> SCH/L_ANSI.SchLib | H98: L_POL | I98: PCB/ELP.PcbLib | K98: 24 | L98: https://www.tdk-electronics.tdk.com/inf/80/db/fer/elp_22_6_16.pdf
A99: ELP22/6/16 1WDG PCB 0.6MM 0.2MM | B99: ELP22/6/16 1WDG | C99: ELP22/6/16 coil, 1 winding, PCB 0.6mm, 0.2mm standoff | E99: ELP22/6/16 | F99: 1 Wdg | G99: =Config!$B$5 -> SCH/L_ANSI.SchLib | H99: L_POL | I99: PCB/ELP.PcbLib | J99: ELP22/6/16_1_WDG_PCB_0.6MM_0.2MM | K99: 1 | L99: https://www.tdk-electronics.tdk.com/inf/80/db/fer/elp_22_6_16.pdf
A100: ELP22/6/16 1WDG PCB 0.6MM 1.0MM | B100: ELP22/6/16 1WDG | C100: ELP22/6/16 coil, 1 winding, PCB 0.6mm, 1.0mm standoff | E100: ELP22/6/16 | F100: 1 Wdg | G100: =Config!$B$5 -> SCH/L_ANSI.SchLib | H100: L_POL | I100: PCB/ELP.PcbLib | J100: ELP22/6/16_1_WDG_PCB_0.6MM_1.0MM | K100: 1 | L100: https://www.tdk-electronics.tdk.com/inf/80/db/fer/elp_22_6_16.pdf
A101: ELP22/6/16 1WDG PCB 0.6MM 1.8MM | B101: ELP22/6/16 1WDG | C101: ELP22/6/16 coil, 1 winding, PCB 0.6mm, 1.8mm standoff | E101: ELP22/6/16 | F101: 1 Wdg | G101: =Config!$B$5 -> SCH/L_ANSI.SchLib | H101: L_POL | I101: PCB/ELP.PcbLib | J101: ELP22/6/16_1_WDG_PCB_0.6MM_1.8MM | K101: 1 | L101: https://www.tdk-electronics.tdk.com/inf/80/db/fer/elp_22_6_16.pdf
A102: ELP22/6/16 1WDG PCB 0.6MM 2.6MM | B102: ELP22/6/16 1WDG | C102: ELP22/6/16 coil, 1 winding, PCB 0.6mm, 2.6mm standoff | E102: ELP22/6/16 | F102: 1 Wdg | G102: =Config!$B$5 -> SCH/L_ANSI.SchLib | H102: L_POL | I102: PCB/ELP.PcbLib | J102: ELP22/6/16_1_WDG_PCB_0.6MM_2.6MM | K102: 1 | L102: https://www.tdk-electronics.tdk.com/inf/80/db/fer/elp_22_6_16.pdf
A103: ELP22/6/16 1WDG PCB 0.6MM 3.4MM | B103: ELP22/6/16 1WDG | C103: ELP22/6/16 coil, 1 winding, PCB 0.6mm, 3.4mm standoff | E103: ELP22/6/16 | F103: 1 Wdg | G103: =Config!$B$5 -> SCH/L_ANSI.SchLib | H103: L_POL | I103: PCB/ELP.PcbLib | J103: ELP22/6/16_1_WDG_PCB_0.6MM_3.4MM | K103: 1 | L103: https://www.tdk-electronics.tdk.com/inf/80/db/fer/elp_22_6_16.pdf
A104: ELP22/6/16 1WDG PCB 0.6MM 4.2MM | B104: ELP22/6/16 1WDG | C104: ELP22/6/16 coil, 1 winding, PCB 0.6mm, 4.2mm standoff | E104: ELP22/6/16 | F104: 1 Wdg | G104: =Config!$B$5 -> SCH/L_ANSI.SchLib | H104: L_POL | I104: PCB/ELP.PcbLib | J104: ELP22/6/16_1_WDG_PCB_0.6MM_4.2MM | K104: 1 | L104: https://www.tdk-electronics.tdk.com/inf/80/db/fer/elp_22_6_16.pdf
A105: ELP22/6/16 2WDG PCB 0.6MM 0.2MM | B105: ELP22/6/16 2WDG | C105: ELP22/6/16 coil, 2 windings, PCB 0.6mm, 0.2mm standoff | E105: ELP22/6/16 | F105: 2 Wdg | G105: =Config!$B$5 -> SCH/L_ANSI.SchLib | H105: L_POL | I105: PCB/ELP.PcbLib | J105: ELP22/6/16_2_WDG_PCB_0.6MM_0.2MM | K105: 2 | L105: https://www.tdk-electronics.tdk.com/inf/80/db/fer/elp_22_6_16.pdf
A106: ELP22/6/16 2WDG PCB 0.6MM 1.0MM | B106: ELP22/6/16 2WDG | C106: ELP22/6/16 coil, 2 windings, PCB 0.6mm, 1.0mm standoff | E106: ELP22/6/16 | F106: 2 Wdg | G106: =Config!$B$5 -> SCH/L_ANSI.SchLib | H106: L_POL | I106: PCB/ELP.PcbLib | J106: ELP22/6/16_2_WDG_PCB_0.6MM_1.0MM | K106: 2 | L106: https://www.tdk-electronics.tdk.com/inf/80/db/fer/elp_22_6_16.pdf
A107: ELP22/6/16 2WDG PCB 0.6MM 1.8MM | B107: ELP22/6/16 2WDG | C107: ELP22/6/16 coil, 2 windings, PCB 0.6mm, 1.8mm standoff | E107: ELP22/6/16 | F107: 2 Wdg | G107: =Config!$B$5 -> SCH/L_ANSI.SchLib | H107: L_POL | I107: PCB/ELP.PcbLib | J107: ELP22/6/16_2_WDG_PCB_0.6MM_1.8MM | K107: 2 | L107: https://www.tdk-electronics.tdk.com/inf/80/db/fer/elp_22_6_16.pdf
A108: ELP22/6/16 2WDG PCB 0.6MM 2.6MM | B108: ELP22/6/16 2WDG | C108: ELP22/6/16 coil, 2 windings, PCB 0.6mm, 2.6mm standoff | E108: ELP22/6/16 | F108: 2 Wdg | G108: =Config!$B$5 -> SCH/L_ANSI.SchLib | H108: L_POL | I108: PCB/ELP.PcbLib | J108: ELP22/6/16_2_WDG_PCB_0.6MM_2.6MM | K108: 2 | L108: https://www.tdk-electronics.tdk.com/inf/80/db/fer/elp_22_6_16.pdf
A109: ELP22/6/16 2WDG PCB 0.6MM 3.4MM | B109: ELP22/6/16 2WDG | C109: ELP22/6/16 coil, 2 windings, PCB 0.6mm, 3.4mm standoff | E109: ELP22/6/16 | F109: 2 Wdg | G109: =Config!$B$5 -> SCH/L_ANSI.SchLib | H109: L_POL | I109: PCB/ELP.PcbLib | J109: ELP22/6/16_2_WDG_PCB_0.6MM_3.4MM | K109: 2 | L109: https://www.tdk-electronics.tdk.com/inf/80/db/fer/elp_22_6_16.pdf
A110: ELP22/6/16 2WDG PCB 0.6MM 4.2MM | B110: ELP22/6/16 2WDG | C110: ELP22/6/16 coil, 2 windings, PCB 0.6mm, 4.2mm standoff | E110: ELP22/6/16 | F110: 2 Wdg | G110: =Config!$B$5 -> SCH/L_ANSI.SchLib | H110: L_POL | I110: PCB/ELP.PcbLib | J110: ELP22/6/16_2_WDG_PCB_0.6MM_4.2MM | K110: 2 | L110: https://www.tdk-electronics.tdk.com/inf/80/db/fer/elp_22_6_16.pdf
... A116: ELP22/6/16 24WDG PCB 0.6MM 4.2MM | B116: ELP22/6/16 24WDG | C116: ELP22/6/16 coil, 24 windings, PCB 0.6mm, 4.2mm standoff | E116: ELP22/6/16 | F116: 24 Wdg | G116: =Config!$B$5 -> SCH/L_ANSI.SchLib | H116: L_POL | I116: PCB/ELP.PcbLib | J116: ELP22/6/16_24_WDG_PCB_0.6MM_4.2MM | K116: 24 | L116: https://www.tdk-electronics.tdk.com/inf/80/db/fer/elp_22_6_16.pdf
A117: 10UH\7635 | B117: 10UH\7635 | C117: FIXED IND 10UH 2.08A 65.6MOHM SM | D117: Eaton - Electronics Division | E117: 7635 | F117: 10UH | G117: =Config!$B$5 -> SCH/L_ANSI.SchLib | H117: L | I117: PCB/IND_SMT.PcbLib | J117: INDM7676X35 | K117: 1e-05 | L117: https://www.eaton.com/content/dam/eaton/products/electronic-components/resources/data-sheet/eaton-dr-high-power-density-high-efficiency-shielded-drum-core-power-inductors-data-sheet.pdf | M117: Eaton - Electronics Division | N117: DR73-100-R | O117: Digi-Key | P117: 513-1129-1-ND
A118: 100UH\7635 | B118: 100UH\7635 | C118: FIXED IND 100UH 730MA 527MOHM SM | D118: Eaton - Electronics Division | E118: 7635 | F118: 100UH | G118: =Config!$B$5 -> SCH/L_ANSI.SchLib | H118: L | I118: PCB/IND_SMT.PcbLib | J118: INDM7676X35 | K118: 0.0001 | L118: https://www.eaton.com/content/dam/eaton/products/electronic-components/resources/data-sheet/eaton-dr-high-power-density-high-efficiency-shielded-drum-core-power-inductors-data-sheet.pdf | M118: Eaton - Electronics Division | N118: DR73-101-R | O118: Digi-Key | P118: 513-1531-1-ND
A119: 1MH\7635 | B119: 1MH\7635 | C119: FIXED IND 1MH 260MA 4.34 OHM SMD | D119: Eaton - Electronics Division | E119: 7635 | F119: 1MH | G119: =Config!$B$5 -> SCH/L_ANSI.SchLib | H119: L | I119: PCB/IND_SMT.PcbLib | J119: INDM7676X35 | K119: 0.001 | L119: https://www.eaton.com/content/dam/eaton/products/electronic-components/resources/data-sheet/eaton-dr-high-power-density-high-efficiency-shielded-drum-core-power-inductors-data-sheet.pdf | M119: Eaton - Electronics Division | N119: DR73-102-R | O119: Digi-Key | P119: 513-1815-1-ND
...

Sheet D
A1: Part Number | B1: Comment | C1: Description | D1: Manufacturer | E1: Package | F1: Value | G1: Library Path | H1: Library Ref | I1: Footprint Path | J1: Footprint Ref | K1: Absolute Value | L1: HelpURL | M1: Manufacturer 1 | N1: Manufacturer Part Number 1 | O1: Supplier 1 | P1: Supplier Part Number 1 | Q1: Manufacturer 2 | R1: Manufacturer Part Number 2 | S1: Supplier 2 | T1: Supplier Part Number 2 | U1: Manufacturer 3 | V1: Manufacturer Part Number 3 | W1: Supplier 3 | X1: Supplier Part Number 3 | Y1: JLC Type
A2: SMF5.0A | B2: SMF5.0A | C2: TVS DIODE 5VWM 9.2VC SOD123F | D2: Littelfuse Inc. | E2: SOD-123F | F2: SMF5.0A | G2: SCH/D_IEC.SchLib | H2: D_Zener | I2: PCB/SOD.PcbLib | J2: SOD3720X110 | K2: 5V | L2: https://www.littelfuse.com/~/media/electronics/datasheets/tvs_diodes/littelfuse_tvs_diode_smf_datasheet.pdf.pdf | M2: Littelfuse Inc. | N2: SMF5.0A-T13 | O2: Digikey | P2: 18-SMF5.0A-T13CT-ND | Q2: Littelfuse Inc. | R2: SMF5.0A | S2: Digikey | T2: F5748CT-ND | U2: MDD（Microdiode Electronics） | V2: SMF5.0A | W2: LCSC | X2: C193402 | Y2: Extended
A3: SMF5.0CA | B3: SMF5.0CA | C3: TVS SOD123FL 5V 200W BIDIR | D3: Littelfuse Inc. | E3: SOD-123F | F3: SMF5.0CA | G3: SCH/D_IEC.SchLib | H3: D_TVS_BIDIR | I3: PCB/SOD.PcbLib | J3: SOD3720X110 | K3: 5V | L3: https://www.littelfuse.com/~/media/electronics/datasheets/tvs_diodes/littelfuse_tvs_diode_smf_datasheet.pdf.pdf | M3: Littelfuse Inc. | N3: SMF5.0CA | O3: Digikey | P3: 18-SMF5.0CACT-ND
A4: SMF6.0A | B4: SMF6.0A | C4: TVS DIODE 6VWM 10.3VC SOD123FL | D4: Littelfuse Inc. | E4: SOD-123F | F4: SMF6.0A | G4: SCH/D_IEC.SchLib | H4: D_Zener | I4: PCB/SOD.PcbLib | J4: SOD3720X110 | K4: 6V | L4: https://www.littelfuse.com/~/media/electronics/datasheets/tvs_diodes/littelfuse_tvs_diode_smf_datasheet.pdf.pdf | M4: Littelfuse Inc. | N4: SMF6.0A-T13 | O4: Digikey | P4: 18-SMF6.0A-T13CT-ND | Q4: Littelfuse Inc. | R4: SMF6.0A | S4: Digikey | T4: F5749CT-ND
A5: SMF6.0CA | B5: SMF6.0CA | C5: TVS SOD123FL 6V 200W BIDIR | D5: Littelfuse Inc. | E5: SOD-123F | F5: SMF6.0CA | G5: SCH/D_IEC.SchLib | H5: D_TVS_BIDIR | I5: PCB/SOD.PcbLib | J5: SOD3720X110 | K5: 6V | L5: https://www.littelfuse.com/~/media/electronics/datasheets/tvs_diodes/littelfuse_tvs_diode_smf_datasheet.pdf.pdf | M5: Littelfuse Inc. | N5: SMF6.0CA | O5: Digikey | P5: 18-SMF6.0CACT-ND
A6: SMF6.5A | B6: SMF6.5A | C6: TVS DIODE 6.5VWM 11.2VC SOD123FL | D6: Littelfuse Inc. | E6: SOD-123F | F6: SMF6.5A | G6: SCH/D_IEC.SchLib | H6: D_Zener | I6: PCB/SOD.PcbLib | J6: SOD3720X110 | K6: 6.5V | L6: https://www.littelfuse.com/~/media/electronics/datasheets/tvs_diodes/littelfuse_tvs_diode_smf_datasheet.pdf.pdf | M6: Littelfuse Inc. | N6: SMF6.5A-T13 | O6: Digikey | P6: 18-SMF6.5A-T13CT-ND | Q6: Littelfuse Inc. | R6: SMF6.5A | S6: Digikey | T6: F5750CT-ND
A7: SMF7.0A | B7: SMF7.0A | C7: TVS SOD123FL 7V 200W UNIDIR | D7: Littelfuse Inc. | E7: SOD-123F | F7: SMF7.0A | G7: SCH/D_IEC.SchLib | H7: D_Zener | I7: PCB/SOD.PcbLib | J7: SOD3720X110 | K7: 7V | L7: https://www.littelfuse.com/~/media/electronics/datasheets/tvs_diodes/littelfuse_tvs_diode_smf_datasheet.pdf.pdf | M7: Littelfuse Inc. | N7: SMF7.0A | O7: Digikey | P7: F5751CT-ND
A8: SMF7.5A | B8: SMF7.5A | C8: TVS SOD123FL 7.5V 200W UNIDIR | D8: Littelfuse Inc. | E8: SOD-123F | F8: SMF7.5A | G8: SCH/D_IEC.SchLib | H8: D_Zener | I8: PCB/SOD.PcbLib | J8: SOD3720X110 | K8: 7.5V | L8: https://www.littelfuse.com/~/media/electronics/datasheets/tvs_diodes/littelfuse_tvs_diode_smf_datasheet.pdf.pdf | M8: Littelfuse Inc. | N8: SMF7.5A | O8: Digikey | P8: F5752CT-ND
A9: SMF8.0A | B9: SMF8.0A | C9: TVS SOD123FL 80V 200W UNIDIR | D9: Littelfuse Inc. | E9: SOD-123F | F9: SMF8.0A | G9: SCH/D_IEC.SchLib | H9: D_Zener | I9: PCB/SOD.PcbLib | J9: SOD3720X110 | K9: 8V | L9: https://www.littelfuse.com/~/media/electronics/datasheets/tvs_diodes/littelfuse_tvs_diode_smf_datasheet.pdf.pdf | M9: Littelfuse Inc. | N9: SMF8.0A | O9: Digikey | P9: F5753CT-ND | Q9: Littelfuse Inc. | R9: SZSMF8.0AT1G | S9: Digikey | T9: F11658CT-ND
A10: SMF8.5A | B10: SMF8.5A | C10: TVS SOD123FL 8.5V 200W UNIDIR | D10: Littelfuse Inc. | E10: SOD-123F | F10: SMF8.5A | G10: SCH/D_IEC.SchLib | H10: D_Zener | I10: PCB/SOD.PcbLib | J10: SOD3720X110 | K10: 8.5V | L10: https://www.littelfuse.com/~/media/electronics/datasheets/tvs_diodes/littelfuse_tvs_diode_smf_datasheet.pdf.pdf | M10: Littelfuse Inc. | N10: SMF8.5A | O10: Digikey | P10: F5754CT-ND
A11: SMF8.5CA | B11: SMF8.5CA | C11: TVS SOD123FL 8.5V 200W BIDIR | D11: Littelfuse Inc. | E11: SOD-123F | F11: SMF8.5CA | G11: SCH/D_IEC.SchLib | H11: D_TVS_BIDIR | I11: PCB/SOD.PcbLib | J11: SOD3720X110 | K11: 8.5V | L11: https://www.littelfuse.com/~/media/electronics/datasheets/tvs_diodes/littelfuse_tvs_diode_smf_datasheet.pdf.pdf | M11: Littelfuse Inc. | N11: SMF8.5CA | O11: Digikey | P11: 18-SMF8.5CACT-ND
A12: SMF9.0A | B12: SMF9.0A | C12: TVS DIODE 9VWM 15.4VC SOD123FL | D12: Littelfuse Inc. | E12: SOD-123F | F12: SMF9.0A | G12: SCH/D_IEC.SchLib | H12: D_Zener | I12: PCB/SOD.PcbLib | J12: SOD3720X110 | K12: 9V | L12: https://www.littelfuse.com/~/media/electronics/datasheets/tvs_diodes/littelfuse_tvs_diode_smf_datasheet.pdf.pdf | M12: Littelfuse Inc. | N12: SMF9.0A-T13 | O12: Digikey | P12: 18-SMF9.0A-T13CT-ND | Q12: Littelfuse Inc. | R12: SMF9.0A | S12: Digikey | T12: F5755CT-ND
A13: SMF9.0CA | B13: SMF9.0CA | C13: TVS SOD123FL 9V 200W BIDIR | D13: Littelfuse Inc. | E13: SOD-123F | F13: SMF9.0CA | G13: SCH/D_IEC.SchLib | H13: D_TVS_BIDIR | I13: PCB/SOD.PcbLib | J13: SOD3720X110 | K13: 9V | L13: https://www.littelfuse.com/~/media/electronics/datasheets/tvs_diodes/littelfuse_tvs_diode_smf_datasheet.pdf.pdf | M13: Littelfuse Inc. | N13: SMF9.0CA | O13: Digikey | P13: 18-SMF9.0CACT-ND
A14: SMF10A | B14: SMF10A | C14: TVS DIODE 10VWM 17VC SOD123FL | D14: Littelfuse Inc. | E14: SOD-123F | F14: SMF10A | G14: SCH/D_IEC.SchLib | H14: D_Zener | I14: PCB/SOD.PcbLib | J14: SOD3720X110 | K14: 10V | L14: https://www.littelfuse.com/~/media/electronics/datasheets/tvs_diodes/littelfuse_tvs_diode_smf_datasheet.pdf.pdf | M14: Littelfuse Inc. | N14: SMF10A-T13 | O14: Digikey | P14: 18-SMF10A-T13CT-ND | Q14: Littelfuse Inc. | R14: SMF10A | S14: Digikey | T14: F5745CT-ND
A15: SMF10CA | B15: SMF10CA | C15: TVS SOD123FL 10V 200W BIDIR | D15: Littelfuse Inc. | E15: SOD-123F | F15: SMF10CA | G15: SCH/D_IEC.SchLib | H15: D_TVS_BIDIR | I15: PCB/SOD.PcbLib | J15: SOD3720X110 | K15: 10V | L15: https://www.littelfuse.com/~/media/electronics/datasheets/tvs_diodes/littelfuse_tvs_diode_smf_datasheet.pdf.pdf | M15: Littelfuse Inc. | N15: SMF10CA | O15: Digikey | P15: 18-SMF10CACT-ND
A16: SMF11A | B16: SMF11A | C16: TVS SOD123FL 11V 200W UNIDIR | D16: Littelfuse Inc. | E16: SOD-123F | F16: SMF11A | G16: SCH/D_IEC.SchLib | H16: D_Zener | I16: PCB/SOD.PcbLib | J16: SOD3720X110 | K16: 11V | L16: https://www.littelfuse.com/~/media/electronics/datasheets/tvs_diodes/littelfuse_tvs_diode_smf_datasheet.pdf.pdf | M16: Littelfuse Inc. | N16: SMF11A | O16: Digikey | P16: F5746CT-ND
A17: SMF12A | B17: SMF12A | C17: TVS DIODE 12VWM 19.9VC SOD123FL | D17: Littelfuse Inc. | E17: SOD-123F | F17: SMF12A | G17: SCH/D_IEC.SchLib | H17: D_Zener | I17: PCB/SOD.PcbLib | J17: SOD3720X110 | K17: 12V | L17: https://www.littelfuse.com/~/media/electronics/datasheets/tvs_diodes/littelfuse_tvs_diode_smf_datasheet.pdf.pdf | M17: Littelfuse Inc. | N17: SMF12A-T13 | O17: Digikey | P17: 18-SMF12A-T13CT-ND | Q17: Littelfuse Inc. | R17: SMF12A | S17: Digikey | T17: F5747CT-ND
A18: SMF12CA | B18: SMF12CA | C18: TVS SOD123FL 12V 200W BIDIR | D18: Littelfuse Inc. | E18: SOD-123F | F18: SMF12CA | G18: SCH/D_IEC.SchLib | H18: D_TVS_BIDIR | I18: PCB/SOD.PcbLib | J18: SOD3720X110 | K18: 12V | L18: https://www.littelfuse.com/~/media/electronics/datasheets/tvs_diodes/littelfuse_tvs_diode_smf_datasheet.pdf.pdf | M18: Littelfuse Inc. | N18: SMF12CA | O18: Digikey | P18: 18-SMF12CACT-ND
A19: SMF13A | B19: SMF13A | C19: TVS DIODE 13VWM 21.5VC SOD123FL | D19: Littelfuse Inc. | E19: SOD-123F | F19: SMF13A | G19: SCH/D_IEC.SchLib | H19: D_Zener | I19: PCB/SOD.PcbLib | J19: SOD3720X110 | K19: 13V | L19: https://www.littelfuse.com/~/media/electronics/datasheets/tvs_diodes/littelfuse_tvs_diode_smf_datasheet.pdf.pdf | M19: Littelfuse Inc. | N19: SMF13A-T13 | O19: Digikey | P19: 18-SMF13A-T13CT-ND | Q19: Littelfuse Inc. | R19: SMF13A | S19: Digikey | T19: F5815CT-ND
A20: SMF13CA | B20: SMF13CA | C20: TVS SOD123FL 13V 200W BIDIR | D20: Littelfuse Inc. | E20: SOD-123F | F20: SMF13CA | G20: SCH/D_IEC.SchLib | H20: D_TVS_BIDIR | I20: PCB/SOD.PcbLib | J20: SOD3720X110 | K20: 13V | L20: https://www.littelfuse.com/~/media/electronics/datasheets/tvs_diodes/littelfuse_tvs_diode_smf_datasheet.pdf.pdf | M20: Littelfuse Inc. | N20: SMF13CA | O20: Digikey | P20: 18-SMF13CACT-ND
A21: SMF14A | B21: SMF14A | C21: TVS DIODE 14VWM 23.2VC SOD123FL | D21: Littelfuse Inc. | E21: SOD-123F | F21: SMF14A | G21: SCH/D_IEC.SchLib | H21: D_Zener | I21: PCB/SOD.PcbLib | J21: SOD3720X110 | K21: 14V | L21: https://www.littelfuse.com/~/media/electronics/datasheets/tvs_diodes/littelfuse_tvs_diode_smf_datasheet.pdf.pdf | M21: Littelfuse Inc. | N21: SMF14A-T13 | O21: Digikey | P21: 18-SMF14A-T13CT-ND | Q21: Littelfuse Inc. | R21: SMF14A | S21: Digikey | T21: F5816CT-ND
A22: SMF14CA | B22: SMF14CA | C22: TVS SOD123FL 14V 200W BIDIR | D22: Littelfuse Inc. | E22: SOD-123F | F22: SMF14CA | G22: SCH/D_IEC.SchLib | H22: D_TVS_BIDIR | I22: PCB/SOD.PcbLib | J22: SOD3720X110 | K22: 14V | L22: https://www.littelfuse.com/~/media/electronics/datasheets/tvs_diodes/littelfuse_tvs_diode_smf_datasheet.pdf.pdf | M22: Littelfuse Inc. | N22: SMF14CA | O22: Digikey | P22: 18-SMF14CACT-ND
A23: SMF15A | B23: SMF15A | C23: TVS DIODE 15VWM 24.4VC SOD123FL | D23: Littelfuse Inc. | E23: SOD-123F | F23: SMF15A | G23: SCH/D_IEC.SchLib | H23: D_Zener | I23: PCB/SOD.PcbLib | J23: SOD3720X110 | K23: 15V | L23: https://www.littelfuse.com/~/media/electronics/datasheets/tvs_diodes/littelfuse_tvs_diode_smf_datasheet.pdf.pdf | M23: Littelfuse Inc. | N23: SMF15A-T13 | O23: Digikey | P23: 18-SMF15A-T13CT-ND | Q23: Littelfuse Inc. | R23: SMF15A | S23: Digikey | T23: F5817CT-ND
A24: SMF15CA | B24: SMF15CA | C24: TVS SOD123FL 15V 200W BIDIR | D24: Littelfuse Inc. | E24: SOD-123F | F24: SMF15CA | G24: SCH/D_IEC.SchLib | H24: D_TVS_BIDIR | I24: PCB/SOD.PcbLib | J24: SOD3720X110 | K24: 15V | L24: https://www.littelfuse.com/~/media/electronics/datasheets/tvs_diodes/littelfuse_tvs_diode_smf_datasheet.pdf.pdf | M24: Littelfuse Inc. | N24: SMF15CA | O24: Digikey | P24: 18-SMF15CACT-ND
A25: SMF16A | B25: SMF16A | C25: TVS DIODE 16VWM 26VC SOD123FL | D25: Littelfuse Inc. | E25: SOD-123F | F25: SMF16A | G25: SCH/D_IEC.SchLib | H25: D_Zener | I25: PCB/SOD.PcbLib | J25: SOD3720X110 | K25: 16V | L25: https://www.littelfuse.com/~/media/electronics/datasheets/tvs_diodes/littelfuse_tvs_diode_smf_datasheet.pdf.pdf | M25: Littelfuse Inc. | N25: SMF16A-T13 | O25: Digikey | P25: 18-SMF16A-T13CT-ND | Q25: Littelfuse Inc. | R25: SMF16A | S25: Digikey | T25: F5818CT-ND
A26: SMF16CA | B26: SMF16CA | C26: TVS SOD123FL 16V 200W BIDIR | D26: Littelfuse Inc. | E26: SOD-123F | F26: SMF16CA | G26: SCH/D_IEC.SchLib | H26: D_TVS_BIDIR | I26: PCB/SOD.PcbLib | J26: SOD3720X110 | K26: 16V | L26: https://www.littelfuse.com/~/media/electronics/datasheets/tvs_diodes/littelfuse_tvs_diode_smf_datasheet.pdf.pdf | M26: Littelfuse Inc. | N26: SMF16CA | O26: Digikey | P26: 18-SMF16CACT-ND
A27: SMF17A | B27: SMF17A | C27: TVS SOD123FL 17V 200W UNIDIR | D27: Littelfuse Inc. | E27: SOD-123F | F27: SMF17A | G27: SCH/D_IEC.SchLib | H27: D_Zener | I27: PCB/SOD.PcbLib | J27: SOD3720X110 | K27: 17V | L27: https://www.littelfuse.com/~/media/electronics/datasheets/tvs_diodes/littelfuse_tvs_diode_smf_datasheet.pdf.pdf | M27: Littelfuse Inc. | N27: SMF17A | O27: Digikey | P27: F5819CT-ND
A28: SMF18A | B28: SMF18A | C28: TVS DIODE 18VWM 29.2VC SOD123FL | D28: Littelfuse Inc. | E28: SOD-123F | F28: SMF18A | G28: SCH/D_IEC.SchLib | H28: D_Zener | I28: PCB/SOD.PcbLib | J28: SOD3720X110 | K28: 18V | L28: https://www.littelfuse.com/~/media/electronics/datasheets/tvs_diodes/littelfuse_tvs_diode_smf_datasheet.pdf.pdf | M28: Littelfuse Inc. | N28: SMF18A-T13 | O28: Digikey | P28: 18-SMF18A-T13CT-ND | Q28: Littelfuse Inc. | R28: SMF18A | S28: Digikey | T28: F5820CT-ND
A29: SMF18CA | B29: SMF18CA | C29: TVS SOD123FL 18V 200W BIDIR | D29: Littelfuse Inc. | E29: SOD-123F | F29: SMF18CA | G29: SCH/D_IEC.SchLib | H29: D_TVS_BIDIR | I29: PCB/SOD.PcbLib | J29: SOD3720X110 | K29: 18V | L29: https://www.littelfuse.com/~/media/electronics/datasheets/tvs_diodes/littelfuse_tvs_diode_smf_datasheet.pdf.pdf | M29: Littelfuse Inc. | N29: SMF18CA | O29: Digikey | P29: 18-SMF18CACT-ND
A30: SMF20A | B30: SMF20A | C30: TVS DIODE 20VWM 32.4VC SOD123FL | D30: Littelfuse Inc. | E30: SOD-123F | F30: SMF20A | G30: SCH/D_IEC.SchLib | H30: D_Zener | I30: PCB/SOD.PcbLib | J30: SOD3720X110 | K30: 20V | L30: https://www.littelfuse.com/~/media/electronics/datasheets/tvs_diodes/littelfuse_tvs_diode_smf_datasheet.pdf.pdf | M30: Littelfuse Inc. | N30: SMF20A-T13 | O30: Digikey | P30: 18-SMF20A-T13CT-ND | Q30: Littelfuse Inc. | R30: SMF20A | S30: Digikey | T30: F5821CT-ND
A31: SMF20CA | B31: SMF20CA | C31: TVS SOD123FL 20V 200W BIDIR | D31: Littelfuse Inc. | E31: SOD-123F | F31: SMF20CA | G31: SCH/D_IEC.SchLib | H31: D_TVS_BIDIR | I31: PCB/SOD.PcbLib | J31: SOD3720X110 | K31: 20V | L31: https://www.littelfuse.com/~/media/electronics/datasheets/tvs_diodes/littelfuse_tvs_diode_smf_datasheet.pdf.pdf | M31: Littelfuse Inc. | N31: SMF20CA | O31: Digikey | P31: 18-SMF20CACT-ND
A32: SMF22A | B32: SMF22A | C32: TVS SOD123FL 22V 200W UNIDIR | D32: Littelfuse Inc. | E32: SOD-123F | F32: SMF22A | G32: SCH/D_IEC.SchLib | H32: D_Zener | I32: PCB/SOD.PcbLib | J32: SOD3720X110 | K32: 22V | L32: https://www.littelfuse.com/~/media/electronics/datasheets/tvs_diodes/littelfuse_tvs_diode_smf_datasheet.pdf.pdf | M32: Littelfuse Inc. | N32: SMF22A | O32: Digikey | P32: F5822CT-ND | Q32: Littelfuse Inc. | R32: SZSMF22AT1G | S32: Digikey | T32: 18-SZSMF22AT1GCT-ND
A33: SMF22CA | B33: SMF22CA | C33: TVS SOD123FL 22V 200W BIDIR | D33: Littelfuse Inc. | E33: SOD-123F | F33: SMF22CA | G33: SCH/D_IEC.SchLib | H33: D_TVS_BIDIR | I33: PCB/SOD.PcbLib | J33: SOD3720X110 | K33: 22V | L33: https://www.littelfuse.com/~/media/electronics/datasheets/tvs_diodes/littelfuse_tvs_diode_smf_datasheet.pdf.pdf | M33: Littelfuse Inc. | N33: SMF22CA | O33: Digikey | P33: 18-SMF22CACT-ND
A34: SMF24A | B34: SMF24A | C34: TVS DIODE 24VWM 38.9VC SOD123FL | D34: Littelfuse Inc. | E34: SOD-123F | F34: SMF24A | G34: SCH/D_IEC.SchLib | H34: D_Zener | I34: PCB/SOD.PcbLib | J34: SOD3720X110 | K34: 24V | L34: https://www.littelfuse.com/~/media/electronics/datasheets/tvs_diodes/littelfuse_tvs_diode_smf_datasheet.pdf.pdf | M34: Littelfuse Inc. | N34: SMF24A-T13 | O34: Digikey | P34: 18-SMF24A-T13CT-ND | Q34: Littelfuse Inc. | R34: SMF24A | S34: Digikey | T34: F5823CT-ND
A35: SMF24CA | B35: SMF24CA | C35: TVS SOD123FL 24V 200W BIDIR | D35: Littelfuse Inc. | E35: SOD-123F | F35: SMF24CA | G35: SCH/D_IEC.SchLib | H35: D_TVS_BIDIR | I35: PCB/SOD.PcbLib | J35: SOD3720X110 | K35: 24V | L35: https://www.littelfuse.com/~/media/electronics/datasheets/tvs_diodes/littelfuse_tvs_diode_smf_datasheet.pdf.pdf | M35: Littelfuse Inc. | N35: SMF24CA | O35: Digikey | P35: 18-SMF24CACT-ND
A36: SMF26A | B36: SMF26A | C36: TVS DIODE 26VWM 42.1VC SOD123FL | D36: Littelfuse Inc. | E36: SOD-123F | F36: SMF26A | G36: SCH/D_IEC.SchLib | H36: D_Zener | I36: PCB/SOD.PcbLib | J36: SOD3720X110 | K36: 26V | L36: https://www.littelfuse.com/~/media/electronics/datasheets/tvs_diodes/littelfuse_tvs_diode_smf_datasheet.pdf.pdf | M36: Littelfuse Inc. | N36: SMF26A-T13 | O36: Digikey | P36: 18-SMF26A-T13CT-ND | Q36: Littelfuse Inc. | R36: SMF26A | S36: Digikey | T36: F5824CT-ND
A37: SMF26CA | B37: SMF26CA | C37: TVS SOD123FL 26V 200W BIDIR | D37: Littelfuse Inc. | E37: SOD-123F | F37: SMF26CA | G37: SCH/D_IEC.SchLib | H37: D_TVS_BIDIR | I37: PCB/SOD.PcbLib | J37: SOD3720X110 | K37: 26V | L37: https://www.littelfuse.com/~/media/electronics/datasheets/tvs_diodes/littelfuse_tvs_diode_smf_datasheet.pdf.pdf | M37: Littelfuse Inc. | N37: SMF26CA | O37: Digikey | P37: 18-SMF26CACT-ND
A38: SMF28A | B38: SMF28A | C38: TVS DIODE 28VWM 45.4VC SOD123FL | D38: Littelfuse Inc. | E38: SOD-123F | F38: SMF28A | G38: SCH/D_IEC.SchLib | H38: D_Zener | I38: PCB/SOD.PcbLib | J38: SOD3720X110 | K38: 28V | L38: https://www.littelfuse.com/~/media/electronics/datasheets/tvs_diodes/littelfuse_tvs_diode_smf_datasheet.pdf.pdf | M38: Littelfuse Inc. | N38: SMF28A-T13 | O38: Digikey | P38: 18-SMF28A-T13CT-ND | Q38: Littelfuse Inc. | R38: SMF28A | S38: Digikey | T38: F5825CT-ND
A39: SMF28CA | B39: SMF28CA | C39: TVS SOD123FL 28V 200W BIDIR | D39: Littelfuse Inc. | E39: SOD-123F | F39: SMF28CA | G39: SCH/D_IEC.SchLib | H39: D_TVS_BIDIR | I39: PCB/SOD.PcbLib | J39: SOD3720X110 | K39: 28V | L39: https://www.littelfuse.com/~/media/electronics/datasheets/tvs_diodes/littelfuse_tvs_diode_smf_datasheet.pdf.pdf | M39: Littelfuse Inc. | N39: SMF28CA | O39: Digikey | P39: 18-SMF28CACT-ND
A40: SMF30A | B40: SMF30A | C40: TVS DIODE 30VWM 48.4VC SOD123FL | D40: Littelfuse Inc. | E40: SOD-123F | F40: SMF30A | G40: SCH/D_IEC.SchLib | H40: D_Zener | I40: PCB/SOD.PcbLib | J40: SOD3720X110 | K40: 30V | L40: https://www.littelfuse.com/~/media/electronics/datasheets/tvs_diodes/littelfuse_tvs_diode_smf_datasheet.pdf.pdf | M40: Littelfuse Inc. | N40: SMF30A-T13 | O40: Digikey | P40: 18-SMF30A-T13CT-ND | Q40: Littelfuse Inc. | R40: SMF30A | S40: Digikey | T40: F5826CT-ND
A41: SMF30CA | B41: SMF30CA | C41: TVS SOD123FL 30V 200W BIDIR | D41: Littelfuse Inc. | E41: SOD-123F | F41: SMF30CA | G41: SCH/D_IEC.SchLib | H41: D_TVS_BIDIR | I41: PCB/SOD.PcbLib | J41: SOD3720X110 | K41: 30V | L41: https://www.littelfuse.com/~/media/electronics/datasheets/tvs_diodes/littelfuse_tvs_diode_smf_datasheet.pdf.pdf | M41: Littelfuse Inc. | N41: SMF30CA | O41: Digikey | P41: 18-SMF30CACT-ND
A42: SMF33A | B42: SMF33A | C42: TVS DIODE 33VWM 53.3VC SOD123FL | D42: Littelfuse Inc. | E42: SOD-123F | F42: SMF33A | G42: SCH/D_IEC.SchLib | H42: D_Zener | I42: PCB/SOD.PcbLib | J42: SOD3720X110 | K42: 33V | L42: https://www.littelfuse.com/~/media/electronics/datasheets/tvs_diodes/littelfuse_tvs_diode_smf_datasheet.pdf.pdf | M42: Littelfuse Inc. | N42: SMF33A-T13 | O42: Digikey | P42: 18-SMF33A-T13CT-ND | Q42: Littelfuse Inc. | R42: SMF33A | S42: Digikey | T42: F5827CT-ND
A43: SMF33CA | B43: SMF33CA | C43: TVS SOD123FL 33V 200W BIDIR | D43: Littelfuse Inc. | E43: SOD-123F | F43: SMF33CA | G43: SCH/D_IEC.SchLib | H43: D_TVS_BIDIR | I43: PCB/SOD.PcbLib | J43: SOD3720X110 | K43: 33V | L43: https://www.littelfuse.com/~/media/electronics/datasheets/tvs_diodes/littelfuse_tvs_diode_smf_datasheet.pdf.pdf | M43: Littelfuse Inc. | N43: SMF33CA | O43: Digikey | P43: 18-SMF33CACT-ND
A44: SMF36A | B44: SMF36A | C44: TVS SOD123FL 36V 200W UNIDIR | D44: Littelfuse Inc. | E44: SOD-123FL | F44: SMF36A | G44: SCH/D_IEC.SchLib | H44: D_Zener | I44: PCB/SOD.PcbLib | J44: SOD3720X110 | K44: 36V | L44: https://www.littelfuse.com/~/media/electronics/datasheets/tvs_diodes/littelfuse_tvs_diode_smf_datasheet.pdf.pdf | M44: Littelfuse Inc. | N44: SMF36A | O44: Digikey | P44: F5828CT-ND | Q44: Littelfuse Inc. | R44: SZSMF36AT1G | S44: Digikey | T44: F11654CT-ND
A45: SMF36CA | B45: SMF36CA | C45: TVS SOD123FL 36V 200W BIDIR | D45: Littelfuse Inc. | E45: SOD-123F | F45: SMF36CA | G45: SCH/D_IEC.SchLib | H45: D_TVS_BIDIR | I45: PCB/SOD.PcbLib | J45: SOD3720X110 | K45: 36V | L45: https://www.littelfuse.com/~/media/electronics/datasheets/tvs_diodes/littelfuse_tvs_diode_smf_datasheet.pdf.pdf | M45: Littelfuse Inc. | N45: SMF36CA | O45: Digikey | P45: 18-SMF36CACT-ND
A46: SMF40A | B46: SMF40A | C46: TVS DIODE 40VWM 64.5VC SOD123FL | D46: Littelfuse Inc. | E46: SOD-123F | F46: SMF40A | G46: SCH/D_IEC.SchLib | H46: D_Zener | I46: PCB/SOD.PcbLib | J46: SOD3720X110 | K46: 40V | L46: https://www.littelfuse.com/~/media/electronics/datasheets/tvs_diodes/littelfuse_tvs_diode_smf_datasheet.pdf.pdf | M46: Littelfuse Inc. | N46: SMF40A-T13 | O46: Digikey | P46: 18-SMF40A-T13CT-ND | Q46: Littelfuse Inc. | R46: SMF40A | S46: Digikey | T46: F5829CT-ND
A47: SMF40CA | B47: SMF40CA | C47: TVS SOD123FL 40V 200W BIDIR | D47: Littelfuse Inc. | E47: SOD-123F | F47: SMF40CA | G47: SCH/D_IEC.SchLib | H47: D_TVS_BIDIR | I47: PCB/SOD.PcbLib | J47: SOD3720X110 | K47: 40V | L47: https://www.littelfuse.com/~/media/electronics/datasheets/tvs_diodes/littelfuse_tvs_diode_smf_datasheet.pdf.pdf | M47: Littelfuse Inc. | N47: SMF40CA | O47: Digikey | P47: 18-SMF40CACT-ND
A48: SMF43A | B48: SMF43A | C48: TVS SOD123FL 43V 200W UNIDIR | D48: Littelfuse Inc. | E48: SOD-123F | F48: SMF43A | G48: SCH/D_IEC.SchLib | H48: D_Zener | I48: PCB/SOD.PcbLib | J48: SOD3720X110 | K48: 43V | L48: https://www.littelfuse.com/~/media/electronics/datasheets/tvs_diodes/littelfuse_tvs_diode_smf_datasheet.pdf.pdf | M48: Littelfuse Inc. | N48: SMF43A | O48: Digikey | P48: F5830CT-ND
A49: SMF43CA | B49: SMF43CA | C49: TVS SOD123FL 43V 200W BIDIR | D49: Littelfuse Inc. | E49: SOD-123F | F49: SMF43CA | G49: SCH/D_IEC.SchLib | H49: D_TVS_BIDIR | I49: PCB/SOD.PcbLib | J49: SOD3720X110 | K49: 43V | L49: https://www.littelfuse.com/~/media/electronics/datasheets/tvs_diodes/littelfuse_tvs_diode_smf_datasheet.pdf.pdf | M49: Littelfuse Inc. | N49: SMF43CA | O49: Digikey | P49: 18-SMF43CACT-ND
A50: SMF45A | B50: SMF45A | C50: TVS SOD123FL 45V 200W UNIDIR | D50: Littelfuse Inc. | E50: SOD-123F | F50: SMF45A | G50: SCH/D_IEC.SchLib | H50: D_Zener | I50: PCB/SOD.PcbLib | J50: SOD3720X110 | K50: 45V | L50: https://www.littelfuse.com/~/media/electronics/datasheets/tvs_diodes/littelfuse_tvs_diode_smf_datasheet.pdf.pdf | M50: Littelfuse Inc. | N50: SMF45A | O50: Digikey | P50: F5831CT-ND
A51: SMF48A | B51: SMF48A | C51: TVS DIODE 48VWM 77.4VC SOD123FL | D51: Littelfuse Inc. | E51: SOD-123F | F51: SMF48A | G51: SCH/D_IEC.SchLib | H51: D_Zener | I51: PCB/SOD.PcbLib | J51: SOD3720X110 | K51: 48V | L51: https://www.littelfuse.com/~/media/electronics/datasheets/tvs_diodes/littelfuse_tvs_diode_smf_datasheet.pdf.pdf | M51: Littelfuse Inc. | N51: SMF48A-T13 | O51: Digikey | P51: 18-SMF48A-T13CT-ND | Q51: Littelfuse Inc. | R51: SMF48A | S51: Digikey | T51: F5832CT-ND
A52: SMF48CA | B52: SMF48CA | C52: TVS SOD123FL 48V 200W BIDIR | D52: Littelfuse Inc. | E52: SOD-123F | F52: SMF48CA | G52: SCH/D_IEC.SchLib | H52: D_TVS_BIDIR | I52: PCB/SOD.PcbLib | J52: SOD3720X110 | K52: 48V | L52: https://www.littelfuse.com/~/media/electronics/datasheets/tvs_diodes/littelfuse_tvs_diode_smf_datasheet.pdf.pdf | M52: Littelfuse Inc. | N52: SMF48CA | O52: Digikey | P52: 18-SMF48CACT-ND
A53: SMF51A | B53: SMF51A | C53: TVS SOD123FL 51V 200W UNIDIR | D53: Littelfuse Inc. | E53: SOD-123F | F53: SMF51A | G53: SCH/D_IEC.SchLib | H53: D_Zener | I53: PCB/SOD.PcbLib | J53: SOD3720X110 | K53: 51V | L53: https://www.littelfuse.com/~/media/electronics/datasheets/tvs_diodes/littelfuse_tvs_diode_smf_datasheet.pdf.pdf | M53: Littelfuse Inc. | N53: SMF51A | O53: Digikey | P53: F5833CT-ND
A54: SMF51CA | B54: SMF51CA | C54: TVS SOD123FL 51V 200W BIDIR | D54: Littelfuse Inc. | E54: SOD-123F | F54: SMF51CA | G54: SCH/D_IEC.SchLib | H54: D_TVS_BIDIR | I54: PCB/SOD.PcbLib | J54: SOD3720X110 | K54: 51V | L54: https://www.littelfuse.com/~/media/electronics/datasheets/tvs_diodes/littelfuse_tvs_diode_smf_datasheet.pdf.pdf | M54: Littelfuse Inc. | N54: SMF51CA | O54: Digikey | P54: 18-SMF51CACT-ND
A55: SMF54A | B55: SMF54A | C55: TVS SOD123FL 54V 200W UNIDIR | D55: Littelfuse Inc. | E55: SOD-123F | F55: SMF54A | G55: SCH/D_IEC.SchLib | H55: D_Zener | I55: PCB/SOD.PcbLib | J55: SOD3720X110 | K55: 54V | L55: https://www.littelfuse.com/~/media/electronics/datasheets/tvs_diodes/littelfuse_tvs_diode_smf_datasheet.pdf.pdf | M55: Littelfuse Inc. | N55: SMF54A | O55: Digikey | P55: F5834CT-ND
A56: SMF54CA | B56: SMF54CA | C56: TVS SOD123FL 54V 200W BIDIR | D56: Littelfuse Inc. | E56: SOD-123F | F56: SMF54CA | G56: SCH/D_IEC.SchLib | H56: D_TVS_BIDIR | I56: PCB/SOD.PcbLib | J56: SOD3720X110 | K56: 54V | L56: https://www.littelfuse.com/~/media/electronics/datasheets/tvs_diodes/littelfuse_tvs_diode_smf_datasheet.pdf.pdf | M56: Littelfuse Inc. | N56: SMF54CA | O56: Digikey | P56: 18-SMF54CACT-ND
A57: SMF58A | B57: SMF58A | C57: TVS SOD123FL 58V 200W UNIDIR | D57: Littelfuse Inc. | E57: SOD-123F | F57: SMF58A | G57: SCH/D_IEC.SchLib | H57: D_Zener | I57: PCB/SOD.PcbLib | J57: SOD3720X110 | K57: 58V | L57: https://www.littelfuse.com/~/media/electronics/datasheets/tvs_diodes/littelfuse_tvs_diode_smf_datasheet.pdf.pdf | M57: Littelfuse Inc. | N57: SMF58A | O57: Digikey | P57: SMF58ACT-ND
A58: SMF58CA | B58: SMF58CA | C58: TVS SOD123FL 58V 200W BIDIR | D58: Littelfuse Inc. | E58: SOD-123F | F58: SMF58CA | G58: SCH/D_IEC.SchLib | H58: D_TVS_BIDIR | I58: PCB/SOD.PcbLib | J58: SOD3720X110 | K58: 58V | L58: https://www.littelfuse.com/~/media/electronics/datasheets/tvs_diodes/littelfuse_tvs_diode_smf_datasheet.pdf.pdf | M58: Littelfuse Inc. | N58: SMF58CA | O58: Digikey | P58: 18-SMF58CACT-ND
A59: SMF60A | B59: SMF60A | C59: TVS SOD123FL 60V 200W UNIDIR | D59: Littelfuse Inc. | E59: SOD-123F | F59: SMF60A | G59: SCH/D_IEC.SchLib | H59: D_Zener | I59: PCB/SOD.PcbLib | J59: SOD3720X110 | K59: 60V | L59: https://www.littelfuse.com/~/media/electronics/datasheets/tvs_diodes/littelfuse_tvs_diode_smf_datasheet.pdf.pdf | M59: Littelfuse Inc. | N59: SMF60A | O59: Digikey | P59: 18-SMF60ACT-ND
A60: SMF60CA | B60: SMF60CA | C60: TVS SOD123FL 60V 200W BIDIR | D60: Littelfuse Inc. | E60: SOD-123F | F60: SMF60CA | G60: SCH/D_IEC.SchLib | H60: D_TVS_BIDIR | I60: PCB/SOD.PcbLib | J60: SOD3720X110 | K60: 60V | L60: https://www.littelfuse.com/~/media/electronics/datasheets/tvs_diodes/littelfuse_tvs_diode_smf_datasheet.pdf.pdf | M60: Littelfuse Inc. | N60: SMF60CA | O60: Digikey | P60: 18-SMF60CACT-ND
A61: SMF64A | B61: SMF64A | C61: TVS SOD123FL 64V 200W UNIDIR | D61: Littelfuse Inc. | E61: SOD-123F | F61: SMF64A | G61: SCH/D_IEC.SchLib | H61: D_Zener | I61: PCB/SOD.PcbLib | J61: SOD3720X110 | K61: 64V | L61: https://www.littelfuse.com/~/media/electronics/datasheets/tvs_diodes/littelfuse_tvs_diode_smf_datasheet.pdf.pdf | M61: Littelfuse Inc. | N61: SMF64A | O61: Digikey | P61: SMF64ACT-ND
A62: SMF70A | B62: SMF70A | C62: TVS SOD123FL 70V 200W UNIDIR | D62: Littelfuse Inc. | E62: SOD-123F | F62: SMF70A | G62: SCH/D_IEC.SchLib | H62: D_Zener | I62: PCB/SOD.PcbLib | J62: SOD3720X110 | K62: 70V | L62: https://www.littelfuse.com/~/media/electronics/datasheets/tvs_diodes/littelfuse_tvs_diode_smf_datasheet.pdf.pdf | M62: Littelfuse Inc. | N62: SMF70A | O62: Digikey | P62: 18-SMF70ACT-ND
A63: SMF75A | B63: SMF75A | C63: TVS SOD123FL 75V 200W UNIDIR | D63: Littelfuse Inc. | E63: SOD-123F | F63: SMF75A | G63: SCH/D_IEC.SchLib | H63: D_Zener | I63: PCB/SOD.PcbLib | J63: SOD3720X110 | K63: 75V | L63: https://www.littelfuse.com/~/media/electronics/datasheets/tvs_diodes/littelfuse_tvs_diode_smf_datasheet.pdf.pdf | M63: Littelfuse Inc. | N63: SMF75A | O63: Digikey | P63: F10084CT-ND
... A134: SMAJ58CA | B134: SMAJ58CA | C134: TVS DIODE 58VWM 93.6VC DO214AC | D134: Littelfuse Inc. | E134: DO-214AC, SMA | F134: SMAJ58CA | G134: SCH/D_IEC.SchLib | H134: D_TVS_BIDIR | I134: PCB/DIOM.PcbLib | J134: DIOM5226X230 | K134: 58V | L134: https://www.littelfuse.com/~/media/electronics/datasheets/tvs_diodes/littelfuse_tvs_diode_smaj_datasheet.pdf.pdf | M134: Littelfuse Inc. | N134: SMAJ58CA | O134: Digikey | P134: SMAJ58CALFCT-ND
A135: SMAJ60A | B135: SMAJ60A | C135: TVS DIODE 60VWM 96.8VC DO214AC | D135: Littelfuse Inc. | E135: DO-214AC, SMA | F135: SMAJ60A | G135: SCH/D_IEC.SchLib | H135: D_Zener | I135: PCB/DIOM.PcbLib | J135: DIOM5226X230 | K135: 60V | L135: https://www.littelfuse.com/~/media/electronics/datasheets/tvs_diodes/littelfuse_tvs_diode_smaj_datasheet.pdf.pdf | M135: Littelfuse Inc. | N135: SMAJ60A | O135: Digikey | P135: SMAJ60ALFCT-ND | Q135: FTR | R135: SMAJ60A | W135: LCSC | X135: C707480
A136: SMAJ60CA | B136: SMAJ60CA | C136: TVS DIODE 60VWM 96.8VC DO214AC | D136: Littelfuse Inc. | E136: DO-214AC, SMA | F136: SMAJ60CA | G136: SCH/D_IEC.SchLib | H136: D_TVS_BIDIR | I136: PCB/DIOM.PcbLib | J136: DIOM5226X230 | K136: 60V | L136: https://www.littelfuse.com/~/media/electronics/datasheets/tvs_diodes/littelfuse_tvs_diode_smaj_datasheet.pdf.pdf | M136: Littelfuse Inc. | N136: SMAJ60CA | O136: Digikey | P136: SMAJ60CALFCT-ND
A137: SMAJ64A | B137: SMAJ64A | C137: TVS DIODE 64VWM 103VC DO214AC | D137: Littelfuse Inc. | E137: DO-214AC, SMA | F137: SMAJ64A | G137: SCH/D_IEC.SchLib | H137: D_Zener | I137: PCB/DIOM.PcbLib | J137: DIOM5226X230 | K137: 64V | L137: https://www.littelfuse.com/~/media/electronics/datasheets/tvs_diodes/littelfuse_tvs_diode_smaj_datasheet.pdf.pdf | M137: Littelfuse Inc. | N137: SMAJ64A | O137: Digikey | P137: SMAJ64ALFCT-ND
A138: SMAJ64CA | B138: SMAJ64CA | C138: TVS DIODE 64VWM 103VC DO214AC | D138: Littelfuse Inc. | E138: DO-214AC, SMA | F138: SMAJ64CA | G138: SCH/D_IEC.SchLib | H138: D_TVS_BIDIR | I138: PCB/DIOM.PcbLib | J138: DIOM5226X230 | K138: 64V | L138: https://www.littelfuse.com/~/media/electronics/datasheets/tvs_diodes/littelfuse_tvs_diode_smaj_datasheet.pdf.pdf | M138: Littelfuse Inc. | N138: SMAJ64CA | O138: Digikey | P138: SMAJ64CALFCT-ND
A139: SMAJ70A | B139: SMAJ70A | C139: TVS DIODE 70VWM 113VC DO214AC | D139: Littelfuse Inc. | E139: DO-214AC, SMA | F139: SMAJ70A | G139: SCH/D_IEC.SchLib | H139: D_Zener | I139: PCB/DIOM.PcbLib | J139: DIOM5226X230 | K139: 70V | L139: https://www.littelfuse.com/~/media/electronics/datasheets/tvs_diodes/littelfuse_tvs_diode_smaj_datasheet.pdf.pdf | M139: Littelfuse Inc. | N139: SMAJ70A | O139: Digikey | P139: SMAJ70ALFCT-ND
A140: SMAJ70CA | B140: SMAJ70CA | C140: TVS DIODE 70VWM 113VC DO214AC | D140: Littelfuse Inc. | E140: DO-214AC, SMA | F140: SMAJ70CA | G140: SCH/D_IEC.SchLib | H140: D_TVS_BIDIR | I140: PCB/DIOM.PcbLib | J140: DIOM5226X230 | K140: 70V | L140: https://www.littelfuse.com/~/media/electronics/datasheets/tvs_diodes/littelfuse_tvs_diode_smaj_datasheet.pdf.pdf | M140: Littelfuse Inc. | N140: SMAJ70CA | O140: Digikey | P140: SMAJ70CALFCT-ND
A141: SMAJ75A | B141: SMAJ75A | C141: TVS DIODE 75VWM 121VC DO214AC | D141: Littelfuse Inc. | E141: DO-214AC, SMA | F141: SMAJ75A | G141: SCH/D_IEC.SchLib | H141: D_Zener | I141: PCB/DIOM.PcbLib | J141: DIOM5226X230 | K141: 75V | L141: https://www.littelfuse.com/~/media/electronics/datasheets/tvs_diodes/littelfuse_tvs_diode_smaj_datasheet.pdf.pdf | M141: Littelfuse Inc. | N141: SMAJ75A | O141: Digikey | P141: SMAJ75ALFCT-ND
A142: SMAJ75CA | B142: SMAJ75CA | C142: TVS DIODE 75VWM 121VC DO214AC | D142: Littelfuse Inc. | E142: DO-214AC, SMA | F142: SMAJ75CA | G142: SCH/D_IEC.SchLib | H142: D_TVS_BIDIR | I142: PCB/DIOM.PcbLib | J142: DIOM5226X230 | K142: 75V | L142: https://www.littelfuse.com/~/media/electronics/datasheets/tvs_diodes/littelfuse_tvs_diode_smaj_datasheet.pdf.pdf | M142: Littelfuse Inc. | N142: SMAJ75CA | O142: Digikey | P142: SMAJ75CALFCT-ND
A143: SMAJ78A | B143: SMAJ78A | C143: TVS DIODE 78VWM 126VC DO214AC | D143: Littelfuse Inc. | E143: DO-214AC, SMA | F143: SMAJ78A | G143: SCH/D_IEC.SchLib | H143: D_Zener | I143: PCB/DIOM.PcbLib | J143: DIOM5226X230 | K143: 78V | L143: https://www.littelfuse.com/~/media/electronics/datasheets/tvs_diodes/littelfuse_tvs_diode_smaj_datasheet.pdf.pdf | M143: Littelfuse Inc. | N143: SMAJ78A | O143: Digikey | P143: SMAJ78ALFCT-ND
A144: SMAJ78CA | B144: SMAJ78CA | C144: TVS DIODE 78VWM 126VC DO214AC | D144: Littelfuse Inc. | E144: DO-214AC, SMA | F144: SMAJ78CA | G144: SCH/D_IEC.SchLib | H144: D_TVS_BIDIR | I144: PCB/DIOM.PcbLib | J144: DIOM5226X230 | K144: 78V | L144: https://www.littelfuse.com/~/media/electronics/datasheets/tvs_diodes/littelfuse_tvs_diode_smaj_datasheet.pdf.pdf | M144: Littelfuse Inc. | N144: SMAJ78CA | O144: Digikey | P144: SMAJ78CALFCT-ND
A145: SMAJ85A | B145: SMAJ85A | C145: TVS DIODE 85VWM 137VC DO214AC | D145: Littelfuse Inc. | E145: DO-214AC, SMA | F145: SMAJ85A | G145: SCH/D_IEC.SchLib | H145: D_Zener | I145: PCB/DIOM.PcbLib | J145: DIOM5226X230 | K145: 85V | L145: https://www.littelfuse.com/~/media/electronics/datasheets/tvs_diodes/littelfuse_tvs_diode_smaj_datasheet.pdf.pdf | M145: Littelfuse Inc. | N145: SMAJ85A | O145: Digikey | P145: SMAJ85ALFCT-ND
A146: SMAJ85CA | B146: SMAJ85CA | C146: TVS DIODE 85VWM 137VC DO214AC | D146: Littelfuse Inc. | E146: DO-214AC, SMA | F146: SMAJ85CA | G146: SCH/D_IEC.SchLib | H146: D_TVS_BIDIR | I146: PCB/DIOM.PcbLib | J146: DIOM5226X230 | K146: 85V | L146: https://www.littelfuse.com/~/media/electronics/datasheets/tvs_diodes/littelfuse_tvs_diode_smaj_datasheet.pdf.pdf | M146: Littelfuse Inc. | N146: SMAJ85CA | O146: Digikey | P146: SMAJ85CALFCT-ND
A147: SMAJ90A | B147: SMAJ90A | C147: TVS DIODE 90VWM 146VC DO214AC | D147: Littelfuse Inc. | E147: DO-214AC, SMA | F147: SMAJ90A | G147: SCH/D_IEC.SchLib | H147: D_Zener | I147: PCB/DIOM.PcbLib | J147: DIOM5226X230 | K147: 90V | L147: https://www.littelfuse.com/~/media/electronics/datasheets/tvs_diodes/littelfuse_tvs_diode_smaj_datasheet.pdf.pdf | M147: Littelfuse Inc. | N147: SMAJ90A | O147: Digikey | P147: SMAJ90ALFCT-ND
... A180: SMBJ5.0A | B180: SMBJ5.0A | C180: TVS DIODE 5VWM 9.2VC DO214AA | D180: Littelfuse Inc. | E180: DO-214AA, SMB | F180: SMBJ5.0A | G180: SCH/D_IEC.SchLib | H180: D_Zener | I180: PCB/DIOM.PcbLib | J180: DIOM5436X265 | K180: 5V | L180: https://www.littelfuse.com/media?resourcetype=datasheets&itemid=09a6ae9a-73cb-4ac4-acac-e6dab92ab953&filename=littelfuse_tvs_diode_smbj_datasheet.pdf | M180: Littelfuse Inc. | N180: SMBJ5.0A | O180: Digikey | P180: SMBJ5.0ALFCT-ND
A181: SMBJ5.0CA | B181: SMBJ5.0CA | C181: TVS DIODE 5VWM 9.2VC DO214AA | D181: Littelfuse Inc. | E181: DO-214AA, SMB | F181: SMBJ5.0CA | G181: SCH/D_IEC.SchLib | H181: D_TVS_BIDIR | I181: PCB/DIOM.PcbLib | J181: DIOM5436X265 | K181: 5V | L181: https://www.littelfuse.com/media?resourcetype=datasheets&itemid=09a6ae9a-73cb-4ac4-acac-e6dab92ab953&filename=littelfuse_tvs_diode_smbj_datasheet.pdf | M181: Littelfuse Inc. | N181: SMBJ5.0CA | O181: Digikey | P181: SMBJ5.0CALFCT-ND | Q181: Littelfuse Inc. | R181: SMBJ5.0CA-HR | S181: Digikey | T181: F6747CT-ND
A182: SMBJ6.0A | B182: SMBJ6.0A | C182: TVS DIODE 6VWM 10.3VC DO214AA | D182: Littelfuse Inc. | E182: DO-214AA, SMB | F182: SMBJ6.0A | G182: SCH/D_IEC.SchLib | H182: D_Zener | I182: PCB/DIOM.PcbLib | J182: DIOM5436X265 | K182: 6V | L182: https://www.littelfuse.com/media?resourcetype=datasheets&itemid=09a6ae9a-73cb-4ac4-acac-e6dab92ab953&filename=littelfuse_tvs_diode_smbj_datasheet.pdf | M182: Littelfuse Inc. | N182: SMBJ6.0A | O182: Digikey | P182: SMBJ6.0ALFCT-ND
A183: SMBJ6.0CA | B183: SMBJ6.0CA | C183: TVS DIODE 6VWM 10.3VC DO214AA | D183: Littelfuse Inc. | E183: DO-214AA, SMB | F183: SMBJ6.0CA | G183: SCH/D_IEC.SchLib | H183: D_TVS_BIDIR | I183: PCB/DIOM.PcbLib | J183: DIOM5436X265 | K183: 6V | L183: https://www.littelfuse.com/media?resourcetype=datasheets&itemid=09a6ae9a-73cb-4ac4-acac-e6dab92ab953&filename=littelfuse_tvs_diode_smbj_datasheet.pdf | M183: Littelfuse Inc. | N183: SMBJ6.0CA | O183: Digikey | P183: SMBJ6.0CALFCT-ND
A184: SMBJ6.5A | B184: SMBJ6.5A | C184: TVS DIODE 6.5VWM 11.2VC DO214AA | D184: Littelfuse Inc. | E184: DO-214AA, SMB | F184: SMBJ6.5A | G184: SCH/D_IEC.SchLib | H184: D_Zener | I184: PCB/DIOM.PcbLib | J184: DIOM5436X265 | K184: 6.5V | L184: https://www.littelfuse.com/media?resourcetype=datasheets&itemid=09a6ae9a-73cb-4ac4-acac-e6dab92ab953&filename=littelfuse_tvs_diode_smbj_datasheet.pdf | M184: Littelfuse Inc. | N184: SMBJ6.5A | O184: Digikey | P184: SMBJ6.5ALFCT-ND
A185: SMBJ6.5CA | B185: SMBJ6.5CA | C185: TVS DIODE 6.5VWM 11.2VC DO214AA | D185: Littelfuse Inc. | E185: DO-214AA, SMB | F185: SMBJ6.5CA | G185: SCH/D_IEC.SchLib | H185: D_TVS_BIDIR | I185: PCB/DIOM.PcbLib | J185: DIOM5436X265 | K185: 6.5V | L185: https://www.littelfuse.com/media?resourcetype=datasheets&itemid=09a6ae9a-73cb-4ac4-acac-e6dab92ab953&filename=littelfuse_tvs_diode_smbj_datasheet.pdf | M185: Littelfuse Inc. | N185: SMBJ6.5CA | O185: Digikey | P185: SMBJ6.5CALFCT-ND
A186: SMBJ7.0A | B186: SMBJ7.0A | C186: TVS DIODE 7VWM 12VC DO214AA | D186: Littelfuse Inc. | E186: DO-214AA, SMB | F186: SMBJ7.0A | G186: SCH/D_IEC.SchLib | H186: D_Zener | I186: PCB/DIOM.PcbLib | J186: DIOM5436X265 | K186: 7V | L186: https://www.littelfuse.com/media?resourcetype=datasheets&itemid=09a6ae9a-73cb-4ac4-acac-e6dab92ab953&filename=littelfuse_tvs_diode_smbj_datasheet.pdf | M186: Littelfuse Inc. | N186: SMBJ7.0A | O186: Digikey | P186: SMBJ7.0ALFCT-ND
A187: SMBJ7.0CA | B187: SMBJ7.0CA | C187: TVS DIODE 7VWM 12VC DO214AA | D187: Littelfuse Inc. | E187: DO-214AA, SMB | F187: SMBJ7.0CA | G187: SCH/D_IEC.SchLib | H187: D_TVS_BIDIR | I187: PCB/DIOM.PcbLib | J187: DIOM5436X265 | K187: 7V | L187: https://www.littelfuse.com/media?resourcetype=datasheets&itemid=09a6ae9a-73cb-4ac4-acac-e6dab92ab953&filename=littelfuse_tvs_diode_smbj_datasheet.pdf | M187: Littelfuse Inc. | N187: SMBJ7.0CA | O187: Digikey | P187: SMBJ7.0CALFCT-ND
A188: SMBJ7.5A | B188: SMBJ7.5A | C188: TVS DIODE 7.5VWM 12.9VC DO214AA | D188: Littelfuse Inc. | E188: DO-214AA, SMB | F188: SMBJ7.5A | G188: SCH/D_IEC.SchLib | H188: D_Zener | I188: PCB/DIOM.PcbLib | J188: DIOM5436X265 | K188: 7.5V | L188: https://www.littelfuse.com/media?resourcetype=datasheets&itemid=09a6ae9a-73cb-4ac4-acac-e6dab92ab953&filename=littelfuse_tvs_diode_smbj_datasheet.pdf | M188: Littelfuse Inc. | N188: SMBJ7.5A | O188: Digikey | P188: SMBJ7.5ALFCT-ND
A189: SMBJ7.5CA | B189: SMBJ7.5CA | C189: TVS DIODE 7.5VWM 12.9VC DO214AA | D189: Littelfuse Inc. | E189: DO-214AA, SMB | F189: SMBJ7.5CA | G189: SCH/D_IEC.SchLib | H189: D_TVS_BIDIR | I189: PCB/DIOM.PcbLib | J189: DIOM5436X265 | K189: 7.5V | L189: https://www.littelfuse.com/media?resourcetype=datasheets&itemid=09a6ae9a-73cb-4ac4-acac-e6dab92ab953&filename=littelfuse_tvs_diode_smbj_datasheet.pdf | M189: Littelfuse Inc. | N189: SMBJ7.5CA | O189: Digikey | P189: SMBJ7.5CALFCT-ND
A190: SMBJ8.0A | B190: SMBJ8.0A | C190: TVS DIODE 8VWM 13.6VC DO214AA | D190: Littelfuse Inc. | E190: DO-214AA, SMB | F190: SMBJ8.0A | G190: SCH/D_IEC.SchLib | H190: D_Zener | I190: PCB/DIOM.PcbLib | J190: DIOM5436X265 | K190: 8V | L190: https://www.littelfuse.com/media?resourcetype=datasheets&itemid=09a6ae9a-73cb-4ac4-acac-e6dab92ab953&filename=littelfuse_tvs_diode_smbj_datasheet.pdf | M190: Littelfuse Inc. | N190: SMBJ8.0A | O190: Digikey | P190: SMBJ8.0ALFCT-ND
A191: SMBJ8.0CA | B191: SMBJ8.0CA | C191: TVS DIODE 8VWM 13.6VC DO214AA | D191: Littelfuse Inc. | E191: DO-214AA, SMB | F191: SMBJ8.0CA | G191: SCH/D_IEC.SchLib | H191: D_TVS_BIDIR | I191: PCB/DIOM.PcbLib | J191: DIOM5436X265 | K191: 8V | L191: https://www.littelfuse.com/media?resourcetype=datasheets&itemid=09a6ae9a-73cb-4ac4-acac-e6dab92ab953&filename=littelfuse_tvs_diode_smbj_datasheet.pdf | M191: Littelfuse Inc. | N191: SMBJ8.0CA | O191: Digikey | P191: SMBJ8.0CALFCT-ND
A192: SMBJ8.5A | B192: SMBJ8.5A | C192: TVS DIODE 8.5VWM 14.4VC DO214AA | D192: Littelfuse Inc. | E192: DO-214AA, SMB | F192: SMBJ8.5A | G192: SCH/D_IEC.SchLib | H192: D_Zener | I192: PCB/DIOM.PcbLib | J192: DIOM5436X265 | K192: 8.5V | L192: https://www.littelfuse.com/media?resourcetype=datasheets&itemid=09a6ae9a-73cb-4ac4-acac-e6dab92ab953&filename=littelfuse_tvs_diode_smbj_datasheet.pdf | M192: Littelfuse Inc. | N192: SMBJ8.5A | O192: Digikey | P192: SMBJ8.5ALFCT-ND
A193: SMBJ8.5CA | B193: SMBJ8.5CA | C193: TVS DIODE 8.5VWM 14.4VC DO214AA | D193: Littelfuse Inc. | E193: DO-214AA, SMB | F193: SMBJ8.5CA | G193: SCH/D_IEC.SchLib | H193: D_TVS_BIDIR | I193: PCB/DIOM.PcbLib | J193: DIOM5436X265 | K193: 8.5V | L193: https://www.littelfuse.com/media?resourcetype=datasheets&itemid=09a6ae9a-73cb-4ac4-acac-e6dab92ab953&filename=littelfuse_tvs_diode_smbj_datasheet.pdf | M193: Littelfuse Inc. | N193: SMBJ8.5CA | O193: Digikey | P193: SMBJ8.5CALFCT-ND
... A253: SMBJ78CA | B253: SMBJ78CA | C253: TVS DIODE 78VWM 126VC DO214AA | D253: Littelfuse Inc. | E253: DO-214AA, SMB | F253: SMBJ78CA | G253: SCH/D_IEC.SchLib | H253: D_TVS_BIDIR | I253: PCB/DIOM.PcbLib | J253: DIOM5436X265 | K253: 78V | L253: https://www.littelfuse.com/media?resourcetype=datasheets&itemid=09a6ae9a-73cb-4ac4-acac-e6dab92ab953&filename=littelfuse_tvs_diode_smbj_datasheet.pdf | M253: Littelfuse Inc. | N253: SMBJ78CA | O253: Digikey | P253: SMBJ78CALFCT-ND
A254: SMBJ85A | B254: SMBJ85A | C254: TVS DIODE 85VWM 137VC DO214AA | D254: Littelfuse Inc. | E254: DO-214AA, SMB | F254: SMBJ85A | G254: SCH/D_IEC.SchLib | H254: D_Zener | I254: PCB/DIOM.PcbLib | J254: DIOM5436X265 | K254: 85V | L254: https://www.littelfuse.com/media?resourcetype=datasheets&itemid=09a6ae9a-73cb-4ac4-acac-e6dab92ab953&filename=littelfuse_tvs_diode_smbj_datasheet.pdf | M254: Littelfuse Inc. | N254: SMBJ85A | O254: Digikey | P254: SMBJ85ALFCT-ND | Q254: Littelfuse Inc. | R254: SMBJ85A-HR | S254: Digikey | T254: F6748CT-ND
A255: SMBJ85CA | B255: SMBJ85CA | C255: TVS DIODE 85VWM 137VC DO214AA | D255: Littelfuse Inc. | E255: DO-214AA, SMB | F255: SMBJ85CA | G255: SCH/D_IEC.SchLib | H255: D_TVS_BIDIR | I255: PCB/DIOM.PcbLib | J255: DIOM5436X265 | K255: 85V | L255: https://www.littelfuse.com/media?resourcetype=datasheets&itemid=09a6ae9a-73cb-4ac4-acac-e6dab92ab953&filename=littelfuse_tvs_diode_smbj_datasheet.pdf | M255: Littelfuse Inc. | N255: SMBJ85CA | O255: Digikey | P255: SMBJ85CALFCT-ND
A256: SMBJ90A | B256: SMBJ90A | C256: TVS DIODE 90VWM 146VC DO214AA | D256: Littelfuse Inc. | E256: DO-214AA, SMB | F256: SMBJ90A | G256: SCH/D_IEC.SchLib | H256: D_Zener | I256: PCB/DIOM.PcbLib | J256: DIOM5436X265 | K256: 90V | L256: https://www.littelfuse.com/media?resourcetype=datasheets&itemid=09a6ae9a-73cb-4ac4-acac-e6dab92ab953&filename=littelfuse_tvs_diode_smbj_datasheet.pdf | M256: Littelfuse Inc. | N256: SMBJ90A | O256: Digikey | P256: SMBJ90ALFCT-ND
A257: SMBJ90CA | B257: SMBJ90CA | C257: TVS DIODE 90VWM 146VC DO214AA | D257: Littelfuse Inc. | E257: DO-214AA, SMB | F257: SMBJ90CA | G257: SCH/D_IEC.SchLib | H257: D_TVS_BIDIR | I257: PCB/DIOM.PcbLib | J257: DIOM5436X265 | K257: 90V | L257: https://www.littelfuse.com/media?resourcetype=datasheets&itemid=09a6ae9a-73cb-4ac4-acac-e6dab92ab953&filename=littelfuse_tvs_diode_smbj_datasheet.pdf | M257: Littelfuse Inc. | N257: SMBJ90CA | O257: Digikey | P257: SMBJ90CALFCT-ND
A258: SMBJ100A | B258: SMBJ100A | C258: TVS DIODE 100VWM 162VC DO214AA | D258: Littelfuse Inc. | E258: DO-214AA, SMB | F258: SMBJ100A | G258: SCH/D_IEC.SchLib | H258: D_Zener | I258: PCB/DIOM.PcbLib | J258: DIOM5436X265 | K258: 100V | L258: https://www.littelfuse.com/media?resourcetype=datasheets&itemid=09a6ae9a-73cb-4ac4-acac-e6dab92ab953&filename=littelfuse_tvs_diode_smbj_datasheet.pdf | M258: Littelfuse Inc. | N258: SMBJ100A | O258: Digikey | P258: SMBJ100ALFCT-ND
A259: SMBJ100CA | B259: SMBJ100CA | C259: TVS DIODE 100VWM 162VC DO214AA | D259: Littelfuse Inc. | E259: DO-214AA, SMB | F259: SMBJ100CA | G259: SCH/D_IEC.SchLib | H259: D_TVS_BIDIR | I259: PCB/DIOM.PcbLib | J259: DIOM5436X265 | K259: 100V | L259: https://www.littelfuse.com/media?resourcetype=datasheets&itemid=09a6ae9a-73cb-4ac4-acac-e6dab92ab953&filename=littelfuse_tvs_diode_smbj_datasheet.pdf | M259: Littelfuse Inc. | N259: SMBJ100CA | O259: Digikey | P259: SMBJ100CALFCT-ND
A260: SMBJ110A | B260: SMBJ110A | C260: TVS DIODE 110VWM 177VC DO214AA | D260: Littelfuse Inc. | E260: DO-214AA, SMB | F260: SMBJ110A | G260: SCH/D_IEC.SchLib | H260: D_Zener | I260: PCB/DIOM.PcbLib | J260: DIOM5436X265 | K260: 110V | L260: https://www.littelfuse.com/media?resourcetype=datasheets&itemid=09a6ae9a-73cb-4ac4-acac-e6dab92ab953&filename=littelfuse_tvs_diode_smbj_datasheet.pdf | M260: Littelfuse Inc. | N260: SMBJ110A | O260: Digikey | P260: SMBJ110ALFCT-ND
A261: SMBJ110CA | B261: SMBJ110CA | C261: TVS DIODE 110VWM 177VC DO214AA | D261: Littelfuse Inc. | E261: DO-214AA, SMB | F261: SMBJ110CA | G261: SCH/D_IEC.SchLib | H261: D_TVS_BIDIR | I261: PCB/DIOM.PcbLib | J261: DIOM5436X265 | K261: 110V | L261: https://www.littelfuse.com/media?resourcetype=datasheets&itemid=09a6ae9a-73cb-4ac4-acac-e6dab92ab953&filename=littelfuse_tvs_diode_smbj_datasheet.pdf | M261: Littelfuse Inc. | N261: SMBJ110CA | O261: Digikey | P261: SMBJ110CALFCT-ND
...

Sheet T
A1: Part Number | B1: Comment | C1: Description | D1: Manufacturer | E1: Package | F1: Library Path | G1: Library Ref | H1: Footprint Path | I1: Footprint Ref | J1: HelpURL | K1: Manufacturer 1 | L1: Manufacturer Part Number 1 | M1: Supplier 1 | N1: Supplier Part Number 1 | O1: Manufacturer 2 | P1: Manufacturer Part Number 2 | Q1: Supplier 2 | R1: Supplier Part Number 2 | S1: Manufacturer 3 | T1: Manufacturer Part Number 3 | U1: Supplier 3 | V1: Supplier Part Number 3 | W1: JLC Type
A2: 8205S | B2: 8205S | C2: Common Drain MOSFET | E2: SOT23-6 | F2: SCH/Transistor.SchLib | G2: MOSFET N CD | H2: PCB/SOT.PcbLib | I2: SOT2395P280X125-6-NW | J2: https://datasheet.lcsc.com/lcsc/2401050929_JSMSEMI-8205S_C2762930.pdf | S2: JSMSEMI | T2: 8205S | U2: LCSC | V2: C2762930 | W2: Extended
A3: BSS138 | B3: BSS138 | C3: N-Kanal 50 V 220mA (Ta) 350mW (Ta) Oberflächenmontage SOT-23 | D3: GENERIC | E3: SOT23 | F3: SCH/Transistor.SchLib | G3: MOSFET_N_G1_D3_S2 | H3: PCB/SOT.PcbLib | I3: SOT2395P280X125-3-SE | J3: https://mm.digikey.com/Volume0/opasdata/d220001/medias/docus/3037/BSS138.pdf | K3: ANBON SEMICONDUCTOR (INT'L) LIMITED | L3: BSS138 | M3: Digi-Key | N3: 4530-BSS138CT-ND | O3: FOSAN | P3: BSS138 | Q3: LCSC | R3: C2926186 | S3: FOSAN | T3: BSS138 | U3: LCSC | V3: C2926186 | W3: Extended
A4: BSS123 | B4: BSS123 | C4: N-Kanal 100 V 170mA (Ta) 350mW (Ta) Oberflächenmontage SOT-23 | D4: GENERIC | E4: SOT23 | F4: SCH/Transistor.SchLib | G4: MOSFET_N_G1_D3_S2 | H4: PCB/SOT.PcbLib | I4: SOT2395P280X125-3-SE | J4: https://mm.digikey.com/Volume0/opasdata/d220001/medias/docus/4847/DS_4530_BSS123.pdf | K4: ANBON SEMICONDUCTOR (INT'L) LIMITED | L4: BSS123 | M4: Digi-Key | N4: 4530-BSS123CT-ND | O4: Diodes Incorporated | P4: BSS123-7-F | Q4: Digikey | R4: BSS123-FDICT-ND | S4: R+O | T4: BSS123 | U4: LCSC | V4: C7420338 | W4: Extended
A5: BSS84 | B5: BSS84 | C5: 50V P-Channel MOSFET | D5: GENERIC | E5: SOT23 | F5: SCH/Transistor.SchLib | G5: MOSFET_P_G1_D3_S2 | H5: PCB/SOT.PcbLib | I5: SOT2395P280X125-3-SE | J5: https://goodarksemi.com/docs/datasheets/mosfets/BSS84.pdf | K5: Good-Ark Semiconductor | L5: BSS84 | M5: Digi-Key | N5: 4786-BSS84CT-ND | O5: LRC | P5: LBSS84LT1G | Q5: LCSC | R5: C8492 | S5: Jiangsu Changjing Electronics Technology Co., Ltd. | T5: BSS84 | U5: LCSC | V5: C114481 | W5: Extended
A6: PMV213SN | B6: PMV213SN | C6: N-channel TrenchMOS standard level FET | D6: GENERIC | E6: SOT23 | F6: SCH/Transistor.SchLib | G6: MOSFET_N_G1_D3_S2 | H6: PCB/SOT.PcbLib | I6: SOT2395P280X125-3-SE | J6: https://assets.nexperia.com/documents/data-sheet/PMV213SN.pdf | K6: Nexperia | L6: PMV213SN,215 | M6: Digi-Key | N6: 1727-6294-1-ND | S6: Nexperia | T6: PMV213SN,215 | U6: LCSC | V6: C131676 | W6: Extended
A7: PMV280ENEA | B7: PMV280 | C7: 100V, N-channel Trench MOSFET | D7: GENERIC | E7: SOT23 | F7: SCH/Transistor.SchLib | G7: MOSFET_N_G1_D3_S2 | H7: PCB/SOT.PcbLib | I7: SOT2395P280X125-3-SE | J7: https://assets.nexperia.com/documents/data-sheet/PMV213SN.pdf | K7: Nexperia | L7: PMV280ENEAR | M7: Digi-Key | N7: 1727-8341-1-ND | S7: Nexperia | T7: PMV280ENEA | U7: LCSC | V7: C553089 | W7: Extended
A8: HL 2302 | B8: HL 2302 | C8: N-Ch 20V Fast Switching MOSFETs | D8: GENERIC | E8: SOT23 | F8: SCH/Transistor.SchLib | G8: MOSFET_N_G1_D3_S2 | H8: PCB/SOT.PcbLib | I8: SOT2395P280X125-3-SE | J8: https://datasheet.lcsc.com/lcsc/2009171007_HUASHUO-HSS2302B_C518782.pdf | O8: FUXINSEMI | P8: SI2302 | Q8: LCSC | R8: C6807797 | S8: HUASHUO | T8: HSS2302B | U8: LCSC | V8: C518782 | W8: Extended
A9: HL 3415 | B9: HL 3415 | C9: P-CH 20V Fast Switching MOSFETs | D9: GENERIC | E9: SOT23 | F9: SCH/Transistor.SchLib | G9: MOSFET_P_G1_D3_S2 | H9: PCB/SOT.PcbLib | I9: SOT2395P280X125-3-SE | J9: https://datasheet.lcsc.com/lcsc/2306211455_HL-3415_C7431444.pdf | S9: HL | T9: HL 3415 | U9: LCSC | V9: C7431444
A10: 2N7002 | B10: 2N7002 | C10: 60V 115mA 1.2Ω@10V,500mA 200mW 2.1V@250uA N Channel SOT-23 MOSFETs | D10: GENERIC | E10: SOT23 | F10: SCH/Transistor.SchLib | G10: MOSFET_N_G1_D3_S2 | H10: PCB/SOT.PcbLib | I10: SOT2395P280X125-3-SE | J10: https://assets.nexperia.com/documents/data-sheet/2N7002NXAK.pdf | K10: Nexperia USA Inc. | L10: 2N7002NXAKR | M10: Digi-Key | N10: 1727-8643-1-ND | S10: JSMSEMI | T10: JSMSEMI | U10: LCSC | V10: C916396 | W10: Extended
A11: AS2302 | B11: AS2302 | C11: N-Channel 20V(D-S) MOSFET | D11: GENERIC | E11: SOT23 | F11: SCH/Transistor.SchLib | G11: MOSFET_N_G1_D3_S2 | H11: PCB/SOT.PcbLib | I11: SOT2395P280X125-3-SE | J11: https://datasheet.lcsc.com/lcsc/1809211431_AnBon-AS2302_C232266.pdf | K11: ANBON SEMICONDUCTOR (INT'L) LIMITED | L11: AS2302 | M11: Digi-Key | N11: 4530-AS2302CT-ND | S11: AnBon | T11: AS2302 | U11: LCSC | V11: C232266 | W11: Extended
A12: MMBT4403L | B12: MMBT4403L | C12: Switching Transistor PNP Silicon | D12: ON SEMI | E12: SOT23 | F12: SCH/Transistor.SchLib | G12: BJT_PNP_B1_C3_E2 | H12: PCB/SOT.PcbLib | I12: SOT2395P280X125-3-SE | J12: https://www.onsemi.com/pdf/datasheet/mmbt4403lt1-d.pdf | S12: ONSEMI | T12: MMBT4403LT1G | U12: LCSC | V12: C78864 | W12: Extended
A13: AO3400A | B13: AO3400A | C13: 30V N-Channel MOSFET | D13: Alpha & Omega Semiconductor | E13: SOT23 | F13: SCH/Transistor.SchLib | G13: MOSFET_N_G1_D3_S2 | H13: PCB/SOT.PcbLib | I13: SOT2395P280X125-3-SE | J13: https://aosmd.com/res/data_sheets/AO3400A.pdf | S13: Alpha & Omega Semiconductor | T13: AO3400A | U13: LCSC | V13: C20917 | W13: Basic
A14: FDD4141 | B14: FDD4141-F085 | C14: MOSFET – P-Channel POWERTRENCH_x0002_ -40 V -50 A, 12.3 m_x0002_ | E14: TO-252AA | F14: SCH/Transistor.SchLib | G14: MOSFET_P_G1_D3_S2 | H14: PCB/TO.PcbLib | I14: TO228P990X229-3 | J14: https://www.onsemi.com/pdf/datasheet/fdd4141_f085-d.pdf | K14: onsemi | L14: FDD4141 | M14: Digi-Key | N14: FDD4141CT-ND | S14: UMW(Youtai Semiconductor Co., Ltd.) | T14: FDD4141(UMW) | U14: LCSC | V14: C5346825
A15: BSC123N08NS3GATMA1 | B15: BSC123N08NS3GATMA1 | C15: N-Kanal 80 V 11 A (Ta), 55 A (Tc) 2,5W (Ta), 66W (Tc) Oberflächenmontage PG-TDSON-8-1 | D15: Infineon Technologies | E15: PG-TDSON-8 | F15: SCH/Transistor.SchLib | G15: MOSFET_N_G4_D5_S1-2-3 | H15: PCB/SON.PcbLib | I15: SON127P620X520X100-5-TH500X470 | J15: https://www.infineon.com/dgdl/BSC123N08NS3G_rev2.5.pdf?folderId=db3a304313b8b5a60113cee8763b02d7&fileId=db3a30431add1d95011ae80eb8555625&fileId=db3a30431add1d95011ae80eb8555625 | K15: Infineon Technologies | L15: BSC123N08NS3GATMA1 | M15: Digi-Key | N15: BSC123N08NS3GATMA1CT-ND | S15: Infineon Technologies | T15: BSC123N08NS3G | U15: LCSC | V15: C412732
A16: MCG35P04-TP | B16: MCG35P04-TP | C16: 40V 35A P-Channel MOSFET | D16: Micro Commercial Co | E16: 8-PowerVDFN | F16: SCH/Transistor.SchLib | G16: MOSFET_P_G4_D5_S1-2-3 | H16: PCB/SON.PcbLib | I16: SON065P330X330X075-5-TH245X175 | J16: https://www.mccsemi.com/pdf/Products/MCG35P04(DFN3333).pdf | K16: Micro Commercial Co | L16: 353-MCG35P04-TPCT-ND | M16: Digi-Key | N16: 353-MCG35P04-TPCT-ND
A17: GT095N04D3 | B17: GT095N04D3 | C17: 40V 47A N-Channel MOSFET | D17: Goford Semiconductor | E17: 8-PowerVDFN | F17: SCH/Transistor.SchLib | G17: MOSFET_N_G4_D5_S1-2-3 | H17: PCB/SON.PcbLib | I17: SON065P330X330X075-5-TH245X175 | J17: http://www.gofordsemi.com/u_file/product/834/GOFORD-GT095N04D3.pdf | K17: Goford Semiconductor | L17: GT095N04D3 | M17: Digi-Key | N17: 3141-GT095N04D3CT-ND
A18: PXN012-60QLJ | B18: PXN012-60QLJ | C18: N-channel 60 V, 11.5 mOhm, logic level Trench MOSFET in MLPAK33 | D18: Nexperia USA Inc. | E18: 8-PowerVDFN | F18: SCH/Transistor.SchLib | G18: MOSFET_N_G4_D5_S1-2-3 | H18: PCB/SON.PcbLib | I18: SON065P330X330X075-5-TH245X175 | J18: https://assets.nexperia.com/documents/data-sheet/PXN012-60QL.pdf | K18: Nexperia USA Inc. | L18: PXN012-60QLJ | M18: Digi-Key | N18: 1727-PXN012-60QLJCT-ND
A19: TPN19008QM,LQ | B19: TPN19008QM,LQ | C19: N-Kanal 80 V 34 A (Tc) 630mW (Ta), 57W (Tc) Oberflächenmontage 8-TSON Advance-Gehäuse (3,1x3,1) | D19: Toshiba Semiconductor and Storage | E19: 8-PowerVDFN | F19: SCH/Transistor.SchLib | G19: MOSFET_N_G4_D5_S1-2-3 | H19: PCB/SON.PcbLib | I19: SON065P330X330X075-5-TH245X175 | J19: https://toshiba.semicon-storage.com/info/TPN19008QM_datasheet_en_20191021.pdf | K19: Toshiba Semiconductor and Storage | L19: TPN19008QM,LQ | M19: Digi-Key | N19: 264-TPN19008QMLQCT-ND
A20: GSFN1036 | B20: GSFN1036 | C20: N-Kanal 100 V 35 A (Tc) 52W (Tc) Oberflächenmontage 8-PPAK (3,1x3,05) | D20: Good-Ark Semiconductor | E20: 8-PowerVDFN | F20: SCH/Transistor.SchLib | G20: MOSFET_N_G4_D5_S1-2-3 | H20: PCB/SON.PcbLib | I20: SON065P330X330X075-5-TH245X175 | J20: https://goodarksemi.com/docs/datasheets/mosfets/GSFN1036.pdf | K20: Good-Ark Semiconductor | L20: GSFN1036 | M20: Digi-Key | N20: 4786-GSFN1036CT-ND
A21: 40N02D | B21: 40N02D | C21: N-Ch 20V Fast Switching MOSFETs | D21: HL | E21: DFN-8 | F21: SCH/Transistor.SchLib | G21: MOSFET_N_G4_D5_S1-2-3 | H21: PCB/SON.PcbLib | I21: SON065P330X330X075-5-TH245X175 | J21: https://www.lcsc.com/datasheet/lcsc_datasheet_2307041438_HL-40N02D_C7437079.pdf | S21: HL | T21: 40N02D | U21: LCSC | V21: C7437079
A22: TMG60N04DF | B22: TMG60N04DF | C22: 40V 60A 10mΩ PDFN3x3-8L MOSFETs | D22: Tritech-MOS | E22: DFN-8 | F22: SCH/Transistor.SchLib | G22: MOSFET_N_G4_D5_S1-2-3 | H22: PCB/SON.PcbLib | I22: SON065P330X330X075-5-TH245X175 | J22: https://wmsc.lcsc.com/wmsc/upload/file/pdf/v2/lcsc/2306141511_Tritech-MOS-TMG60N04DF_C7422898.pdf | S22: Tritech-MOS | T22: TMG60N04DF | U22: LCSC | V22: C7422898 | W22: Extended
A23: WSP8814 | B23: WSP8814 | C23: 20V 9A 7.6mΩ@4.5V,9A 1.25W 1.2V@250uA 2 N-Channel TSSOP-8 | D23: Winsok Semicon | E23: TSSOP-8 | F23: SCH/Transistor.SchLib | G23: WSP8814 | H23: PCB/SOP.PcbLib | I23: SOP065P650X110-8-NW | J23: https://www.lcsc.com/datasheet/lcsc_datasheet_2211141230_Winsok-Semicon-WSP8814_C148371.pdf | S23: Winsok Semicon | T23: WSP8814 | U23: LCSC | V23: C148371 | W23: Extended
A24: PXN028-100QLJ | B24: PXN028-100QLJ | C24: N-channel 100 V, 28 mOhm, logic level Trench MOSFET in MLPAK33 | D24: Nexperia USA Inc. | E24: DFN-8 | F24: SCH/Transistor.SchLib | G24: MOSFET_N_G4_D5_S1-2-3 | H24: PCB/SON.PcbLib | I24: SON065P330X330X075-5-TH245X175 | J24: https://assets.nexperia.com/documents/data-sheet/PXN028-100QL.pdf | K24: Nexperia USA Inc. | L24: PXN028-100QLJ | M24: Digi-Key | N24: 1727-PXN028-100QLJCT-ND | S24: AGM-Semi | T24: AGM18N10AP | U24: LCSC | V24: C7509649
A25: SUM90220E-GE3 | B25: SUM90220E-GE3 | C25: N-Channel 200 V (D-S) 175 °C MOSFE | D25: Vishay Siliconix | E25: TO-263 | F25: SCH/Transistor.SchLib | G25: MOSFET_N_G1_D3_S2 | H25: PCB/TO.PcbLib | I25: TO254P1530X1035-3 | J25: https://www.vishay.com/docs/75153/sum90220e.pdf | K25: Vishay Siliconix | L25: SUM90220E-GE3 | M25: Digi-Key | N25: SUM90220E-GE3CT-ND | S25: Vishay Intertech | T25: SUM90220E-GE3 | U25: LCSC | V25: C3291093
A26: BCP56T | B26: BCP56T | C26: BCP56T 80 V, 1 A NPN medium power transistor | D26: Nexperia USA Inc. | E26: SOT223-4 | F26: SCH/Transistor.SchLib | G26: BJT_NPN_B1_C2-4_E3 | H26: PCB/SOT.PcbLib | I26: SOT223-230P670X180-4-SW | J26: https://assets.nexperia.com/documents/data-sheet/BCP56T_SER.pdf | K26: Nexperia USA Inc. | L26: BCP56TF | M26: Digi-Key | N26: 1727-7619-1-ND | S26: Nexperia | T26: BCP56,115 | U26: LCSC | V26: C22239
A27: IPN95R3K7P7 | B27: IPN95R3K7P7 | C27: IPN95R3K7P7 MOSFET 950V_x0002_CoolMOSª_x0002_P7_x0002_SJ_x0002_Power_x0002_Device | D27: Infineon Technologies | E27: SOT223-3 | F27: SCH/Transistor.SchLib | G27: MOSFET_N_G1_D3_S2 | H27: PCB/SOT.PcbLib | I27: SOT223-230P670X180-3-SW | J27: https://www.infineon.com/dgdl/Infineon-IPN95R3K7P7-DS-v02_00-EN.pdf?fileId=5546d462636cc8fb01643b2dacda55d7 | K27: Infineon Technologies | L27: IPN95R3K7P7ATMA1 | M27: Digi-Key | N27: IPN95R3K7P7ATMA1CT-ND | S27: Infineon Technologies | T27: IPN95R3K7P7ATMA1 | U27: LCSC | V27: C3278582
